[2025-12-29T01:16:51.885+0000] {manager.py:469} INFO - Processing files using up to 2 processes at a time 
[2025-12-29T01:16:51.886+0000] {manager.py:470} INFO - Process each file at most once every 30 seconds
[2025-12-29T01:16:51.886+0000] {manager.py:471} INFO - Checking for new files in /opt/airflow/dags every 300 seconds
[2025-12-29T01:16:51.886+0000] {manager.py:738} INFO - Searching for files in /opt/airflow/dags
[2025-12-29T01:16:51.888+0000] {manager.py:741} INFO - There are 1 files in /opt/airflow/dags
[2025-12-29T01:16:52.005+0000] {manager.py:879} INFO - 
================================================================================
DAG File Processing Stats

File Path                          PID  Runtime      # DAGs    # Errors  Last Runtime    Last Run
-------------------------------  -----  ---------  --------  ----------  --------------  ----------
/opt/airflow/dags/edtech_dag.py    178  0.04s             0           0
================================================================================
[2025-12-29T01:17:22.130+0000] {manager.py:879} INFO - 
================================================================================
DAG File Processing Stats

File Path                        PID    Runtime      # DAGs    # Errors  Last Runtime    Last Run
-------------------------------  -----  ---------  --------  ----------  --------------  -------------------
/opt/airflow/dags/edtech_dag.py                           1           0  0.51s           2025-12-29T01:16:52
================================================================================
[2025-12-29T01:17:52.693+0000] {manager.py:879} INFO - 
================================================================================
DAG File Processing Stats

File Path                          PID  Runtime      # DAGs    # Errors  Last Runtime    Last Run
-------------------------------  -----  ---------  --------  ----------  --------------  -------------------
/opt/airflow/dags/edtech_dag.py    188  0.00s             1           0  0.08s           2025-12-29T01:17:22
================================================================================
[2025-12-29T01:18:22.862+0000] {manager.py:879} INFO - 
================================================================================
DAG File Processing Stats

File Path                          PID  Runtime      # DAGs    # Errors  Last Runtime    Last Run
-------------------------------  -----  ---------  --------  ----------  --------------  -------------------
/opt/airflow/dags/edtech_dag.py    193  0.00s             1           0  0.08s           2025-12-29T01:17:52
================================================================================
[2025-12-29T01:18:52.982+0000] {manager.py:879} INFO - 
================================================================================
DAG File Processing Stats

File Path                          PID  Runtime      # DAGs    # Errors  Last Runtime    Last Run
-------------------------------  -----  ---------  --------  ----------  --------------  -------------------
/opt/airflow/dags/edtech_dag.py    198  0.00s             1           0  0.08s           2025-12-29T01:18:22
================================================================================
[2025-12-29T01:19:23.151+0000] {manager.py:879} INFO - 
================================================================================
DAG File Processing Stats

File Path                          PID  Runtime      # DAGs    # Errors  Last Runtime    Last Run
-------------------------------  -----  ---------  --------  ----------  --------------  -------------------
/opt/airflow/dags/edtech_dag.py    203  0.01s             1           0  0.08s           2025-12-29T01:18:53
================================================================================
[2025-12-29T01:19:53.266+0000] {manager.py:879} INFO - 
================================================================================
DAG File Processing Stats

File Path                          PID  Runtime      # DAGs    # Errors  Last Runtime    Last Run
-------------------------------  -----  ---------  --------  ----------  --------------  -------------------
/opt/airflow/dags/edtech_dag.py    208  0.00s             1           0  0.09s           2025-12-29T01:19:23
================================================================================
[2025-12-29T01:20:23.425+0000] {manager.py:879} INFO - 
================================================================================
DAG File Processing Stats

File Path                          PID  Runtime      # DAGs    # Errors  Last Runtime    Last Run
-------------------------------  -----  ---------  --------  ----------  --------------  -------------------
/opt/airflow/dags/edtech_dag.py    213  0.01s             1           0  0.08s           2025-12-29T01:19:53
================================================================================
[2025-12-29T01:20:53.540+0000] {manager.py:879} INFO - 
================================================================================
DAG File Processing Stats

File Path                          PID  Runtime      # DAGs    # Errors  Last Runtime    Last Run
-------------------------------  -----  ---------  --------  ----------  --------------  -------------------
/opt/airflow/dags/edtech_dag.py    218  0.00s             1           0  0.08s           2025-12-29T01:20:23
================================================================================
[2025-12-29T01:21:23.694+0000] {manager.py:879} INFO - 
================================================================================
DAG File Processing Stats

File Path                          PID  Runtime      # DAGs    # Errors  Last Runtime    Last Run
-------------------------------  -----  ---------  --------  ----------  --------------  -------------------
/opt/airflow/dags/edtech_dag.py    223  0.00s             1           0  0.08s           2025-12-29T01:20:53
================================================================================
[2025-12-29T01:21:48.393+0000] {manager.py:451} INFO - Exiting gracefully upon receiving signal 15
[2025-12-29T01:22:45.346+0000] {manager.py:469} INFO - Processing files using up to 2 processes at a time 
[2025-12-29T01:22:45.348+0000] {manager.py:470} INFO - Process each file at most once every 30 seconds
[2025-12-29T01:22:45.351+0000] {manager.py:471} INFO - Checking for new files in /opt/airflow/dags every 300 seconds
[2025-12-29T01:22:45.353+0000] {manager.py:738} INFO - Searching for files in /opt/airflow/dags
[2025-12-29T01:22:45.361+0000] {manager.py:741} INFO - There are 1 files in /opt/airflow/dags
[2025-12-29T01:22:45.479+0000] {manager.py:879} INFO - 
================================================================================
DAG File Processing Stats

File Path                          PID  Runtime      # DAGs    # Errors  Last Runtime    Last Run
-------------------------------  -----  ---------  --------  ----------  --------------  ----------
/opt/airflow/dags/edtech_dag.py    178  0.06s             0           0
================================================================================
[2025-12-29T01:23:15.590+0000] {manager.py:879} INFO - 
================================================================================
DAG File Processing Stats

File Path                        PID    Runtime      # DAGs    # Errors  Last Runtime    Last Run
-------------------------------  -----  ---------  --------  ----------  --------------  -------------------
/opt/airflow/dags/edtech_dag.py                           1           0  0.18s           2025-12-29T01:22:45
================================================================================
[2025-12-29T01:23:45.795+0000] {manager.py:879} INFO - 
================================================================================
DAG File Processing Stats

File Path                        PID    Runtime      # DAGs    # Errors  Last Runtime    Last Run
-------------------------------  -----  ---------  --------  ----------  --------------  -------------------
/opt/airflow/dags/edtech_dag.py                           1           0  0.28s           2025-12-29T01:23:15
================================================================================
[2025-12-29T01:24:16.180+0000] {manager.py:879} INFO - 
================================================================================
DAG File Processing Stats

File Path                          PID  Runtime      # DAGs    # Errors  Last Runtime    Last Run
-------------------------------  -----  ---------  --------  ----------  --------------  -------------------
/opt/airflow/dags/edtech_dag.py    194  0.00s             1           0  0.08s           2025-12-29T01:23:46
================================================================================
[2025-12-29T01:24:46.344+0000] {manager.py:879} INFO - 
================================================================================
DAG File Processing Stats

File Path                          PID  Runtime      # DAGs    # Errors  Last Runtime    Last Run
-------------------------------  -----  ---------  --------  ----------  --------------  -------------------
/opt/airflow/dags/edtech_dag.py    199  0.00s             1           0  0.08s           2025-12-29T01:24:16
================================================================================
[2025-12-29T01:25:16.465+0000] {manager.py:879} INFO - 
================================================================================
DAG File Processing Stats

File Path                          PID  Runtime      # DAGs    # Errors  Last Runtime    Last Run
-------------------------------  -----  ---------  --------  ----------  --------------  -------------------
/opt/airflow/dags/edtech_dag.py    204  0.01s             1           0  0.08s           2025-12-29T01:24:46
================================================================================
[2025-12-29T01:25:46.615+0000] {manager.py:879} INFO - 
================================================================================
DAG File Processing Stats

File Path                          PID  Runtime      # DAGs    # Errors  Last Runtime    Last Run
-------------------------------  -----  ---------  --------  ----------  --------------  -------------------
/opt/airflow/dags/edtech_dag.py    209  0.00s             1           0  0.09s           2025-12-29T01:25:16
================================================================================
[2025-12-29T01:26:16.735+0000] {manager.py:879} INFO - 
================================================================================
DAG File Processing Stats

File Path                          PID  Runtime      # DAGs    # Errors  Last Runtime    Last Run
-------------------------------  -----  ---------  --------  ----------  --------------  -------------------
/opt/airflow/dags/edtech_dag.py    214  0.00s             1           0  0.10s           2025-12-29T01:25:46
================================================================================
[2025-12-29T01:26:46.898+0000] {manager.py:879} INFO - 
================================================================================
DAG File Processing Stats

File Path                          PID  Runtime      # DAGs    # Errors  Last Runtime    Last Run
-------------------------------  -----  ---------  --------  ----------  --------------  -------------------
/opt/airflow/dags/edtech_dag.py    219  0.00s             1           0  0.08s           2025-12-29T01:26:16
================================================================================
[2025-12-29T01:27:17.005+0000] {manager.py:879} INFO - 
================================================================================
DAG File Processing Stats

File Path                        PID    Runtime      # DAGs    # Errors  Last Runtime    Last Run
-------------------------------  -----  ---------  --------  ----------  --------------  -------------------
/opt/airflow/dags/edtech_dag.py                           1           0  0.12s           2025-12-29T01:26:47
================================================================================
[2025-12-29T01:27:46.199+0000] {manager.py:738} INFO - Searching for files in /opt/airflow/dags
[2025-12-29T01:27:46.201+0000] {manager.py:741} INFO - There are 1 files in /opt/airflow/dags
[2025-12-29T01:27:47.218+0000] {manager.py:879} INFO - 
================================================================================
DAG File Processing Stats

File Path                          PID  Runtime      # DAGs    # Errors  Last Runtime    Last Run
-------------------------------  -----  ---------  --------  ----------  --------------  -------------------
/opt/airflow/dags/edtech_dag.py    229  0.00s             1           0  0.09s           2025-12-29T01:27:17
================================================================================
[2025-12-29T01:28:17.392+0000] {manager.py:879} INFO - 
================================================================================
DAG File Processing Stats

File Path                          PID  Runtime      # DAGs    # Errors  Last Runtime    Last Run
-------------------------------  -----  ---------  --------  ----------  --------------  -------------------
/opt/airflow/dags/edtech_dag.py    234  0.01s             1           0  0.09s           2025-12-29T01:27:47
================================================================================
[2025-12-29T01:28:47.514+0000] {manager.py:879} INFO - 
================================================================================
DAG File Processing Stats

File Path                          PID  Runtime      # DAGs    # Errors  Last Runtime    Last Run
-------------------------------  -----  ---------  --------  ----------  --------------  -------------------
/opt/airflow/dags/edtech_dag.py    239  0.01s             1           0  0.08s           2025-12-29T01:28:17
================================================================================
[2025-12-29T01:29:17.659+0000] {manager.py:879} INFO - 
================================================================================
DAG File Processing Stats

File Path                          PID  Runtime      # DAGs    # Errors  Last Runtime    Last Run
-------------------------------  -----  ---------  --------  ----------  --------------  -------------------
/opt/airflow/dags/edtech_dag.py    244  0.00s             1           0  0.09s           2025-12-29T01:28:47
================================================================================
[2025-12-29T01:29:47.778+0000] {manager.py:879} INFO - 
================================================================================
DAG File Processing Stats

File Path                          PID  Runtime      # DAGs    # Errors  Last Runtime    Last Run
-------------------------------  -----  ---------  --------  ----------  --------------  -------------------
/opt/airflow/dags/edtech_dag.py    249  0.00s             1           0  0.08s           2025-12-29T01:29:17
================================================================================
[2025-12-29T01:30:17.940+0000] {manager.py:879} INFO - 
================================================================================
DAG File Processing Stats

File Path                          PID  Runtime      # DAGs    # Errors  Last Runtime    Last Run
-------------------------------  -----  ---------  --------  ----------  --------------  -------------------
/opt/airflow/dags/edtech_dag.py    262  0.00s             1           0  0.08s           2025-12-29T01:29:47
================================================================================
[2025-12-29T01:30:48.065+0000] {manager.py:879} INFO - 
================================================================================
DAG File Processing Stats

File Path                          PID  Runtime      # DAGs    # Errors  Last Runtime    Last Run
-------------------------------  -----  ---------  --------  ----------  --------------  -------------------
/opt/airflow/dags/edtech_dag.py    267  0.01s             1           0  0.08s           2025-12-29T01:30:18
================================================================================
[2025-12-29T01:31:18.203+0000] {manager.py:879} INFO - 
================================================================================
DAG File Processing Stats

File Path                          PID  Runtime      # DAGs    # Errors  Last Runtime    Last Run
-------------------------------  -----  ---------  --------  ----------  --------------  -------------------
/opt/airflow/dags/edtech_dag.py    272  0.00s             1           0  0.09s           2025-12-29T01:30:48
================================================================================
[2025-12-29T01:31:48.348+0000] {manager.py:879} INFO - 
================================================================================
DAG File Processing Stats

File Path                          PID  Runtime      # DAGs    # Errors  Last Runtime    Last Run
-------------------------------  -----  ---------  --------  ----------  --------------  -------------------
/opt/airflow/dags/edtech_dag.py    277  0.00s             1           0  0.08s           2025-12-29T01:31:18
================================================================================
[2025-12-29T01:32:18.459+0000] {manager.py:879} INFO - 
================================================================================
DAG File Processing Stats

File Path                          PID  Runtime      # DAGs    # Errors  Last Runtime    Last Run
-------------------------------  -----  ---------  --------  ----------  --------------  -------------------
/opt/airflow/dags/edtech_dag.py    282  0.00s             1           0  0.11s           2025-12-29T01:31:48
================================================================================
[2025-12-29T01:32:46.626+0000] {manager.py:738} INFO - Searching for files in /opt/airflow/dags
[2025-12-29T01:32:46.627+0000] {manager.py:741} INFO - There are 1 files in /opt/airflow/dags
[2025-12-29T01:32:48.646+0000] {manager.py:879} INFO - 
================================================================================
DAG File Processing Stats

File Path                          PID  Runtime      # DAGs    # Errors  Last Runtime    Last Run
-------------------------------  -----  ---------  --------  ----------  --------------  -------------------
/opt/airflow/dags/edtech_dag.py    287  0.00s             1           0  0.08s           2025-12-29T01:32:18
================================================================================
[2025-12-29T01:33:18.766+0000] {manager.py:879} INFO - 
================================================================================
DAG File Processing Stats

File Path                          PID  Runtime      # DAGs    # Errors  Last Runtime    Last Run
-------------------------------  -----  ---------  --------  ----------  --------------  -------------------
/opt/airflow/dags/edtech_dag.py    292  0.00s             1           0  0.09s           2025-12-29T01:32:48
================================================================================
[2025-12-29T01:33:48.925+0000] {manager.py:879} INFO - 
================================================================================
DAG File Processing Stats

File Path                          PID  Runtime      # DAGs    # Errors  Last Runtime    Last Run
-------------------------------  -----  ---------  --------  ----------  --------------  -------------------
/opt/airflow/dags/edtech_dag.py    297  0.00s             1           0  0.08s           2025-12-29T01:33:18
================================================================================
[2025-12-29T01:34:19.031+0000] {manager.py:879} INFO - 
================================================================================
DAG File Processing Stats

File Path                        PID    Runtime      # DAGs    # Errors  Last Runtime    Last Run
-------------------------------  -----  ---------  --------  ----------  --------------  -------------------
/opt/airflow/dags/edtech_dag.py                           1           0  0.13s           2025-12-29T01:33:49
================================================================================
[2025-12-29T01:34:49.286+0000] {manager.py:879} INFO - 
================================================================================
DAG File Processing Stats

File Path                          PID  Runtime      # DAGs    # Errors  Last Runtime    Last Run
-------------------------------  -----  ---------  --------  ----------  --------------  -------------------
/opt/airflow/dags/edtech_dag.py    307  0.02s             1           0  0.08s           2025-12-29T01:34:19
================================================================================
[2025-12-29T01:35:19.420+0000] {manager.py:879} INFO - 
================================================================================
DAG File Processing Stats

File Path                        PID    Runtime      # DAGs    # Errors  Last Runtime    Last Run
-------------------------------  -----  ---------  --------  ----------  --------------  -------------------
/opt/airflow/dags/edtech_dag.py                           1           0  0.18s           2025-12-29T01:34:49
================================================================================
[2025-12-29T01:35:49.666+0000] {manager.py:879} INFO - 
================================================================================
DAG File Processing Stats

File Path                          PID  Runtime      # DAGs    # Errors  Last Runtime    Last Run
-------------------------------  -----  ---------  --------  ----------  --------------  -------------------
/opt/airflow/dags/edtech_dag.py    317  0.00s             1           0  0.09s           2025-12-29T01:35:19
================================================================================
[2025-12-29T01:36:19.825+0000] {manager.py:879} INFO - 
================================================================================
DAG File Processing Stats

File Path                          PID  Runtime      # DAGs    # Errors  Last Runtime    Last Run
-------------------------------  -----  ---------  --------  ----------  --------------  -------------------
/opt/airflow/dags/edtech_dag.py    322  0.00s             1           0  0.10s           2025-12-29T01:35:49
================================================================================
[2025-12-29T01:36:49.946+0000] {manager.py:879} INFO - 
================================================================================
DAG File Processing Stats

File Path                          PID  Runtime      # DAGs    # Errors  Last Runtime    Last Run
-------------------------------  -----  ---------  --------  ----------  --------------  -------------------
/opt/airflow/dags/edtech_dag.py    327  0.00s             1           0  0.08s           2025-12-29T01:36:19
================================================================================
[2025-12-29T01:37:20.112+0000] {manager.py:879} INFO - 
================================================================================
DAG File Processing Stats

File Path                          PID  Runtime      # DAGs    # Errors  Last Runtime    Last Run
-------------------------------  -----  ---------  --------  ----------  --------------  -------------------
/opt/airflow/dags/edtech_dag.py    332  0.01s             1           0  0.08s           2025-12-29T01:36:50
================================================================================
[2025-12-29T01:37:47.208+0000] {manager.py:738} INFO - Searching for files in /opt/airflow/dags
[2025-12-29T01:37:47.210+0000] {manager.py:741} INFO - There are 1 files in /opt/airflow/dags
[2025-12-29T01:37:50.233+0000] {manager.py:879} INFO - 
================================================================================
DAG File Processing Stats

File Path                          PID  Runtime      # DAGs    # Errors  Last Runtime    Last Run
-------------------------------  -----  ---------  --------  ----------  --------------  -------------------
/opt/airflow/dags/edtech_dag.py    337  0.00s             1           0  0.10s           2025-12-29T01:37:20
================================================================================
[2025-12-29T01:38:20.407+0000] {manager.py:879} INFO - 
================================================================================
DAG File Processing Stats

File Path                          PID  Runtime      # DAGs    # Errors  Last Runtime    Last Run
-------------------------------  -----  ---------  --------  ----------  --------------  -------------------
/opt/airflow/dags/edtech_dag.py    342  0.00s             1           0  0.09s           2025-12-29T01:37:50
================================================================================
[2025-12-29T01:38:50.514+0000] {manager.py:879} INFO - 
================================================================================
DAG File Processing Stats

File Path                          PID  Runtime      # DAGs    # Errors  Last Runtime    Last Run
-------------------------------  -----  ---------  --------  ----------  --------------  -------------------
/opt/airflow/dags/edtech_dag.py    347  0.00s             1           0  0.08s           2025-12-29T01:38:20
================================================================================
[2025-12-29T01:39:20.679+0000] {manager.py:879} INFO - 
================================================================================
DAG File Processing Stats

File Path                          PID  Runtime      # DAGs    # Errors  Last Runtime    Last Run
-------------------------------  -----  ---------  --------  ----------  --------------  -------------------
/opt/airflow/dags/edtech_dag.py    352  0.00s             1           0  0.09s           2025-12-29T01:38:50
================================================================================
[2025-12-29T01:39:50.802+0000] {manager.py:879} INFO - 
================================================================================
DAG File Processing Stats

File Path                          PID  Runtime      # DAGs    # Errors  Last Runtime    Last Run
-------------------------------  -----  ---------  --------  ----------  --------------  -------------------
/opt/airflow/dags/edtech_dag.py    357  0.00s             1           0  0.08s           2025-12-29T01:39:20
================================================================================
[2025-12-29T01:40:20.952+0000] {manager.py:879} INFO - 
================================================================================
DAG File Processing Stats

File Path                          PID  Runtime      # DAGs    # Errors  Last Runtime    Last Run
-------------------------------  -----  ---------  --------  ----------  --------------  -------------------
/opt/airflow/dags/edtech_dag.py    362  0.00s             1           0  0.08s           2025-12-29T01:39:50
================================================================================
[2025-12-29T01:40:51.073+0000] {manager.py:879} INFO - 
================================================================================
DAG File Processing Stats

File Path                          PID  Runtime      # DAGs    # Errors  Last Runtime    Last Run
-------------------------------  -----  ---------  --------  ----------  --------------  -------------------
/opt/airflow/dags/edtech_dag.py    367  0.00s             1           0  0.08s           2025-12-29T01:40:21
================================================================================
[2025-12-29T01:41:21.227+0000] {manager.py:879} INFO - 
================================================================================
DAG File Processing Stats

File Path                          PID  Runtime      # DAGs    # Errors  Last Runtime    Last Run
-------------------------------  -----  ---------  --------  ----------  --------------  -------------------
/opt/airflow/dags/edtech_dag.py    372  0.00s             1           0  0.08s           2025-12-29T01:40:51
================================================================================
[2025-12-29T01:41:51.344+0000] {manager.py:879} INFO - 
================================================================================
DAG File Processing Stats

File Path                          PID  Runtime      # DAGs    # Errors  Last Runtime    Last Run
-------------------------------  -----  ---------  --------  ----------  --------------  -------------------
/opt/airflow/dags/edtech_dag.py    377  0.00s             1           0  0.08s           2025-12-29T01:41:21
================================================================================
[2025-12-29T01:42:21.505+0000] {manager.py:879} INFO - 
================================================================================
DAG File Processing Stats

File Path                          PID  Runtime      # DAGs    # Errors  Last Runtime    Last Run
-------------------------------  -----  ---------  --------  ----------  --------------  -------------------
/opt/airflow/dags/edtech_dag.py    382  0.00s             1           0  0.08s           2025-12-29T01:41:51
================================================================================
[2025-12-29T01:42:47.600+0000] {manager.py:738} INFO - Searching for files in /opt/airflow/dags
[2025-12-29T01:42:47.601+0000] {manager.py:741} INFO - There are 1 files in /opt/airflow/dags
[2025-12-29T01:42:51.631+0000] {manager.py:879} INFO - 
================================================================================
DAG File Processing Stats

File Path                          PID  Runtime      # DAGs    # Errors  Last Runtime    Last Run
-------------------------------  -----  ---------  --------  ----------  --------------  -------------------
/opt/airflow/dags/edtech_dag.py    387  0.00s             1           0  0.08s           2025-12-29T01:42:21
================================================================================
[2025-12-29T01:43:21.772+0000] {manager.py:879} INFO - 
================================================================================
DAG File Processing Stats

File Path                          PID  Runtime      # DAGs    # Errors  Last Runtime    Last Run
-------------------------------  -----  ---------  --------  ----------  --------------  -------------------
/opt/airflow/dags/edtech_dag.py    392  0.00s             1           0  0.08s           2025-12-29T01:42:51
================================================================================
[2025-12-29T01:43:51.891+0000] {manager.py:879} INFO - 
================================================================================
DAG File Processing Stats

File Path                          PID  Runtime      # DAGs    # Errors  Last Runtime    Last Run
-------------------------------  -----  ---------  --------  ----------  --------------  -------------------
/opt/airflow/dags/edtech_dag.py    397  0.00s             1           0  0.08s           2025-12-29T01:43:21
================================================================================
[2025-12-29T01:44:22.053+0000] {manager.py:879} INFO - 
================================================================================
DAG File Processing Stats

File Path                          PID  Runtime      # DAGs    # Errors  Last Runtime    Last Run
-------------------------------  -----  ---------  --------  ----------  --------------  -------------------
/opt/airflow/dags/edtech_dag.py    402  0.00s             1           0  0.10s           2025-12-29T01:43:51
================================================================================
[2025-12-29T01:44:52.174+0000] {manager.py:879} INFO - 
================================================================================
DAG File Processing Stats

File Path                          PID  Runtime      # DAGs    # Errors  Last Runtime    Last Run
-------------------------------  -----  ---------  --------  ----------  --------------  -------------------
/opt/airflow/dags/edtech_dag.py    407  0.00s             1           0  0.08s           2025-12-29T01:44:22
================================================================================
[2025-12-29T01:45:22.327+0000] {manager.py:879} INFO - 
================================================================================
DAG File Processing Stats

File Path                          PID  Runtime      # DAGs    # Errors  Last Runtime    Last Run
-------------------------------  -----  ---------  --------  ----------  --------------  -------------------
/opt/airflow/dags/edtech_dag.py    412  0.00s             1           0  0.09s           2025-12-29T01:44:52
================================================================================
[2025-12-29T01:45:52.438+0000] {manager.py:879} INFO - 
================================================================================
DAG File Processing Stats

File Path                          PID  Runtime      # DAGs    # Errors  Last Runtime    Last Run
-------------------------------  -----  ---------  --------  ----------  --------------  -------------------
/opt/airflow/dags/edtech_dag.py    417  0.00s             1           0  0.09s           2025-12-29T01:45:22
================================================================================
[2025-12-29T01:46:22.605+0000] {manager.py:879} INFO - 
================================================================================
DAG File Processing Stats

File Path                          PID  Runtime      # DAGs    # Errors  Last Runtime    Last Run
-------------------------------  -----  ---------  --------  ----------  --------------  -------------------
/opt/airflow/dags/edtech_dag.py    422  0.00s             1           0  0.08s           2025-12-29T01:45:52
================================================================================
[2025-12-29T01:46:52.721+0000] {manager.py:879} INFO - 
================================================================================
DAG File Processing Stats

File Path                          PID  Runtime      # DAGs    # Errors  Last Runtime    Last Run
-------------------------------  -----  ---------  --------  ----------  --------------  -------------------
/opt/airflow/dags/edtech_dag.py    427  0.00s             1           0  0.08s           2025-12-29T01:46:22
================================================================================
[2025-12-29T01:47:22.875+0000] {manager.py:879} INFO - 
================================================================================
DAG File Processing Stats

File Path                          PID  Runtime      # DAGs    # Errors  Last Runtime    Last Run
-------------------------------  -----  ---------  --------  ----------  --------------  -------------------
/opt/airflow/dags/edtech_dag.py    432  0.00s             1           0  0.08s           2025-12-29T01:46:52
================================================================================
[2025-12-29T01:47:47.969+0000] {manager.py:738} INFO - Searching for files in /opt/airflow/dags
[2025-12-29T01:47:47.970+0000] {manager.py:741} INFO - There are 1 files in /opt/airflow/dags
[2025-12-29T01:47:53.002+0000] {manager.py:879} INFO - 
================================================================================
DAG File Processing Stats

File Path                          PID  Runtime      # DAGs    # Errors  Last Runtime    Last Run
-------------------------------  -----  ---------  --------  ----------  --------------  -------------------
/opt/airflow/dags/edtech_dag.py    437  0.00s             1           0  0.08s           2025-12-29T01:47:22
================================================================================
[2025-12-29T01:48:23.143+0000] {manager.py:879} INFO - 
================================================================================
DAG File Processing Stats

File Path                          PID  Runtime      # DAGs    # Errors  Last Runtime    Last Run
-------------------------------  -----  ---------  --------  ----------  --------------  -------------------
/opt/airflow/dags/edtech_dag.py    442  0.01s             1           0  0.08s           2025-12-29T01:47:53
================================================================================
[2025-12-29T01:48:53.266+0000] {manager.py:879} INFO - 
================================================================================
DAG File Processing Stats

File Path                          PID  Runtime      # DAGs    # Errors  Last Runtime    Last Run
-------------------------------  -----  ---------  --------  ----------  --------------  -------------------
/opt/airflow/dags/edtech_dag.py    447  0.00s             1           0  0.10s           2025-12-29T01:48:23
================================================================================
[2025-12-29T01:49:23.437+0000] {manager.py:879} INFO - 
================================================================================
DAG File Processing Stats

File Path                          PID  Runtime      # DAGs    # Errors  Last Runtime    Last Run
-------------------------------  -----  ---------  --------  ----------  --------------  -------------------
/opt/airflow/dags/edtech_dag.py    452  0.00s             1           0  0.08s           2025-12-29T01:48:53
================================================================================
[2025-12-29T01:49:53.555+0000] {manager.py:879} INFO - 
================================================================================
DAG File Processing Stats

File Path                          PID  Runtime      # DAGs    # Errors  Last Runtime    Last Run
-------------------------------  -----  ---------  --------  ----------  --------------  -------------------
/opt/airflow/dags/edtech_dag.py    457  0.00s             1           0  0.09s           2025-12-29T01:49:23
================================================================================
[2025-12-29T01:50:23.716+0000] {manager.py:879} INFO - 
================================================================================
DAG File Processing Stats

File Path                          PID  Runtime      # DAGs    # Errors  Last Runtime    Last Run
-------------------------------  -----  ---------  --------  ----------  --------------  -------------------
/opt/airflow/dags/edtech_dag.py    462  0.00s             1           0  0.09s           2025-12-29T01:49:53
================================================================================
[2025-12-29T01:50:53.832+0000] {manager.py:879} INFO - 
================================================================================
DAG File Processing Stats

File Path                          PID  Runtime      # DAGs    # Errors  Last Runtime    Last Run
-------------------------------  -----  ---------  --------  ----------  --------------  -------------------
/opt/airflow/dags/edtech_dag.py    467  0.00s             1           0  0.08s           2025-12-29T01:50:23
================================================================================
[2025-12-29T01:51:23.995+0000] {manager.py:879} INFO - 
================================================================================
DAG File Processing Stats

File Path                          PID  Runtime      # DAGs    # Errors  Last Runtime    Last Run
-------------------------------  -----  ---------  --------  ----------  --------------  -------------------
/opt/airflow/dags/edtech_dag.py    472  0.00s             1           0  0.09s           2025-12-29T01:50:53
================================================================================
[2025-12-29T01:51:54.110+0000] {manager.py:879} INFO - 
================================================================================
DAG File Processing Stats

File Path                          PID  Runtime      # DAGs    # Errors  Last Runtime    Last Run
-------------------------------  -----  ---------  --------  ----------  --------------  -------------------
/opt/airflow/dags/edtech_dag.py    477  0.00s             1           0  0.08s           2025-12-29T01:51:24
================================================================================
[2025-12-29T01:52:24.262+0000] {manager.py:879} INFO - 
================================================================================
DAG File Processing Stats

File Path                          PID  Runtime      # DAGs    # Errors  Last Runtime    Last Run
-------------------------------  -----  ---------  --------  ----------  --------------  -------------------
/opt/airflow/dags/edtech_dag.py    482  0.00s             1           0  0.08s           2025-12-29T01:51:54
================================================================================
[2025-12-29T01:52:48.346+0000] {manager.py:738} INFO - Searching for files in /opt/airflow/dags
[2025-12-29T01:52:48.348+0000] {manager.py:741} INFO - There are 1 files in /opt/airflow/dags
[2025-12-29T01:52:54.381+0000] {manager.py:879} INFO - 
================================================================================
DAG File Processing Stats

File Path                          PID  Runtime      # DAGs    # Errors  Last Runtime    Last Run
-------------------------------  -----  ---------  --------  ----------  --------------  -------------------
/opt/airflow/dags/edtech_dag.py    487  0.00s             1           0  0.10s           2025-12-29T01:52:24
================================================================================
[2025-12-29T01:53:24.558+0000] {manager.py:879} INFO - 
================================================================================
DAG File Processing Stats

File Path                          PID  Runtime      # DAGs    # Errors  Last Runtime    Last Run
-------------------------------  -----  ---------  --------  ----------  --------------  -------------------
/opt/airflow/dags/edtech_dag.py    492  0.00s             1           0  0.08s           2025-12-29T01:52:54
================================================================================
[2025-12-29T01:53:54.670+0000] {manager.py:879} INFO - 
================================================================================
DAG File Processing Stats

File Path                          PID  Runtime      # DAGs    # Errors  Last Runtime    Last Run
-------------------------------  -----  ---------  --------  ----------  --------------  -------------------
/opt/airflow/dags/edtech_dag.py    497  0.00s             1           0  0.08s           2025-12-29T01:53:24
================================================================================
[2025-12-29T01:54:24.829+0000] {manager.py:879} INFO - 
================================================================================
DAG File Processing Stats

File Path                          PID  Runtime      # DAGs    # Errors  Last Runtime    Last Run
-------------------------------  -----  ---------  --------  ----------  --------------  -------------------
/opt/airflow/dags/edtech_dag.py    502  0.00s             1           0  0.08s           2025-12-29T01:53:54
================================================================================
[2025-12-29T01:54:54.942+0000] {manager.py:879} INFO - 
================================================================================
DAG File Processing Stats

File Path                          PID  Runtime      # DAGs    # Errors  Last Runtime    Last Run
-------------------------------  -----  ---------  --------  ----------  --------------  -------------------
/opt/airflow/dags/edtech_dag.py    507  0.00s             1           0  0.10s           2025-12-29T01:54:24
================================================================================
[2025-12-29T01:55:25.116+0000] {manager.py:879} INFO - 
================================================================================
DAG File Processing Stats

File Path                          PID  Runtime      # DAGs    # Errors  Last Runtime    Last Run
-------------------------------  -----  ---------  --------  ----------  --------------  -------------------
/opt/airflow/dags/edtech_dag.py    512  0.01s             1           0  0.08s           2025-12-29T01:54:55
================================================================================
[2025-12-29T01:55:55.228+0000] {manager.py:879} INFO - 
================================================================================
DAG File Processing Stats

File Path                          PID  Runtime      # DAGs    # Errors  Last Runtime    Last Run
-------------------------------  -----  ---------  --------  ----------  --------------  -------------------
/opt/airflow/dags/edtech_dag.py    517  0.00s             1           0  0.08s           2025-12-29T01:55:25
================================================================================
[2025-12-29T01:56:25.390+0000] {manager.py:879} INFO - 
================================================================================
DAG File Processing Stats

File Path                          PID  Runtime      # DAGs    # Errors  Last Runtime    Last Run
-------------------------------  -----  ---------  --------  ----------  --------------  -------------------
/opt/airflow/dags/edtech_dag.py    522  0.00s             1           0  0.08s           2025-12-29T01:55:55
================================================================================
[2025-12-29T01:56:55.492+0000] {manager.py:879} INFO - 
================================================================================
DAG File Processing Stats

File Path                        PID    Runtime      # DAGs    # Errors  Last Runtime    Last Run
-------------------------------  -----  ---------  --------  ----------  --------------  -------------------
/opt/airflow/dags/edtech_dag.py                           1           0  0.11s           2025-12-29T01:56:25
================================================================================
[2025-12-29T01:57:25.699+0000] {manager.py:879} INFO - 
================================================================================
DAG File Processing Stats

File Path                          PID  Runtime      # DAGs    # Errors  Last Runtime    Last Run
-------------------------------  -----  ---------  --------  ----------  --------------  -------------------
/opt/airflow/dags/edtech_dag.py    532  0.00s             1           0  0.09s           2025-12-29T01:56:55
================================================================================
[2025-12-29T01:57:48.829+0000] {manager.py:738} INFO - Searching for files in /opt/airflow/dags
[2025-12-29T01:57:48.830+0000] {manager.py:741} INFO - There are 1 files in /opt/airflow/dags
[2025-12-29T01:57:55.868+0000] {manager.py:879} INFO - 
================================================================================
DAG File Processing Stats

File Path                          PID  Runtime      # DAGs    # Errors  Last Runtime    Last Run
-------------------------------  -----  ---------  --------  ----------  --------------  -------------------
/opt/airflow/dags/edtech_dag.py    537  0.00s             1           0  0.08s           2025-12-29T01:57:25
================================================================================
[2025-12-29T01:58:25.988+0000] {manager.py:879} INFO - 
================================================================================
DAG File Processing Stats

File Path                          PID  Runtime      # DAGs    # Errors  Last Runtime    Last Run
-------------------------------  -----  ---------  --------  ----------  --------------  -------------------
/opt/airflow/dags/edtech_dag.py    542  0.00s             1           0  0.08s           2025-12-29T01:57:55
================================================================================
[2025-12-29T01:58:56.136+0000] {manager.py:879} INFO - 
================================================================================
DAG File Processing Stats

File Path                          PID  Runtime      # DAGs    # Errors  Last Runtime    Last Run
-------------------------------  -----  ---------  --------  ----------  --------------  -------------------
/opt/airflow/dags/edtech_dag.py    547  0.00s             1           0  0.09s           2025-12-29T01:58:26
================================================================================
[2025-12-29T01:59:26.250+0000] {manager.py:879} INFO - 
================================================================================
DAG File Processing Stats

File Path                          PID  Runtime      # DAGs    # Errors  Last Runtime    Last Run
-------------------------------  -----  ---------  --------  ----------  --------------  -------------------
/opt/airflow/dags/edtech_dag.py    552  0.00s             1           0  0.08s           2025-12-29T01:58:56
================================================================================
[2025-12-29T01:59:56.404+0000] {manager.py:879} INFO - 
================================================================================
DAG File Processing Stats

File Path                          PID  Runtime      # DAGs    # Errors  Last Runtime    Last Run
-------------------------------  -----  ---------  --------  ----------  --------------  -------------------
/opt/airflow/dags/edtech_dag.py    557  0.00s             1           0  0.08s           2025-12-29T01:59:26
================================================================================
[2025-12-29T02:00:26.504+0000] {manager.py:879} INFO - 
================================================================================
DAG File Processing Stats

File Path                        PID    Runtime      # DAGs    # Errors  Last Runtime    Last Run
-------------------------------  -----  ---------  --------  ----------  --------------  -------------------
/opt/airflow/dags/edtech_dag.py                           1           0  0.11s           2025-12-29T01:59:56
================================================================================
[2025-12-29T02:00:56.712+0000] {manager.py:879} INFO - 
================================================================================
DAG File Processing Stats

File Path                          PID  Runtime      # DAGs    # Errors  Last Runtime    Last Run
-------------------------------  -----  ---------  --------  ----------  --------------  -------------------
/opt/airflow/dags/edtech_dag.py    567  0.00s             1           0  0.08s           2025-12-29T02:00:26
================================================================================
[2025-12-29T02:01:26.878+0000] {manager.py:879} INFO - 
================================================================================
DAG File Processing Stats

File Path                          PID  Runtime      # DAGs    # Errors  Last Runtime    Last Run
-------------------------------  -----  ---------  --------  ----------  --------------  -------------------
/opt/airflow/dags/edtech_dag.py    572  0.00s             1           0  0.09s           2025-12-29T02:00:56
================================================================================
[2025-12-29T02:01:56.997+0000] {manager.py:879} INFO - 
================================================================================
DAG File Processing Stats

File Path                          PID  Runtime      # DAGs    # Errors  Last Runtime    Last Run
-------------------------------  -----  ---------  --------  ----------  --------------  -------------------
/opt/airflow/dags/edtech_dag.py    577  0.00s             1           0  0.10s           2025-12-29T02:01:26
================================================================================
[2025-12-29T02:02:27.170+0000] {manager.py:879} INFO - 
================================================================================
DAG File Processing Stats

File Path                          PID  Runtime      # DAGs    # Errors  Last Runtime    Last Run
-------------------------------  -----  ---------  --------  ----------  --------------  -------------------
/opt/airflow/dags/edtech_dag.py    582  0.00s             1           0  0.08s           2025-12-29T02:01:57
================================================================================
[2025-12-29T02:02:49.251+0000] {manager.py:738} INFO - Searching for files in /opt/airflow/dags
[2025-12-29T02:02:49.252+0000] {manager.py:741} INFO - There are 1 files in /opt/airflow/dags
[2025-12-29T02:02:57.294+0000] {manager.py:879} INFO - 
================================================================================
DAG File Processing Stats

File Path                          PID  Runtime      # DAGs    # Errors  Last Runtime    Last Run
-------------------------------  -----  ---------  --------  ----------  --------------  -------------------
/opt/airflow/dags/edtech_dag.py    587  0.00s             1           0  0.08s           2025-12-29T02:02:27
================================================================================
[2025-12-29T02:03:27.446+0000] {manager.py:879} INFO - 
================================================================================
DAG File Processing Stats

File Path                          PID  Runtime      # DAGs    # Errors  Last Runtime    Last Run
-------------------------------  -----  ---------  --------  ----------  --------------  -------------------
/opt/airflow/dags/edtech_dag.py    592  0.00s             1           0  0.08s           2025-12-29T02:02:57
================================================================================
[2025-12-29T02:03:57.561+0000] {manager.py:879} INFO - 
================================================================================
DAG File Processing Stats

File Path                          PID  Runtime      # DAGs    # Errors  Last Runtime    Last Run
-------------------------------  -----  ---------  --------  ----------  --------------  -------------------
/opt/airflow/dags/edtech_dag.py    597  0.00s             1           0  0.09s           2025-12-29T02:03:27
================================================================================
[2025-12-29T02:04:27.724+0000] {manager.py:879} INFO - 
================================================================================
DAG File Processing Stats

File Path                          PID  Runtime      # DAGs    # Errors  Last Runtime    Last Run
-------------------------------  -----  ---------  --------  ----------  --------------  -------------------
/opt/airflow/dags/edtech_dag.py    602  0.00s             1           0  0.08s           2025-12-29T02:03:57
================================================================================
[2025-12-29T02:04:57.843+0000] {manager.py:879} INFO - 
================================================================================
DAG File Processing Stats

File Path                          PID  Runtime      # DAGs    # Errors  Last Runtime    Last Run
-------------------------------  -----  ---------  --------  ----------  --------------  -------------------
/opt/airflow/dags/edtech_dag.py    607  0.00s             1           0  0.08s           2025-12-29T02:04:27
================================================================================
[2025-12-29T02:05:27.997+0000] {manager.py:879} INFO - 
================================================================================
DAG File Processing Stats

File Path                          PID  Runtime      # DAGs    # Errors  Last Runtime    Last Run
-------------------------------  -----  ---------  --------  ----------  --------------  -------------------
/opt/airflow/dags/edtech_dag.py    612  0.00s             1           0  0.08s           2025-12-29T02:04:57
================================================================================
[2025-12-29T02:05:58.109+0000] {manager.py:879} INFO - 
================================================================================
DAG File Processing Stats

File Path                          PID  Runtime      # DAGs    # Errors  Last Runtime    Last Run
-------------------------------  -----  ---------  --------  ----------  --------------  -------------------
/opt/airflow/dags/edtech_dag.py    617  0.00s             1           0  0.09s           2025-12-29T02:05:28
================================================================================
[2025-12-29T02:06:28.268+0000] {manager.py:879} INFO - 
================================================================================
DAG File Processing Stats

File Path                          PID  Runtime      # DAGs    # Errors  Last Runtime    Last Run
-------------------------------  -----  ---------  --------  ----------  --------------  -------------------
/opt/airflow/dags/edtech_dag.py    622  0.00s             1           0  0.08s           2025-12-29T02:05:58
================================================================================
[2025-12-29T17:41:18.860+0000] {manager.py:469} INFO - Processing files using up to 2 processes at a time 
[2025-12-29T17:41:19.003+0000] {manager.py:470} INFO - Process each file at most once every 30 seconds
[2025-12-29T17:41:19.004+0000] {manager.py:471} INFO - Checking for new files in /opt/airflow/dags every 300 seconds
[2025-12-29T17:41:19.004+0000] {manager.py:738} INFO - Searching for files in /opt/airflow/dags
[2025-12-29T17:41:19.057+0000] {manager.py:741} INFO - There are 1 files in /opt/airflow/dags
[2025-12-29T17:41:19.302+0000] {manager.py:879} INFO - 
================================================================================
DAG File Processing Stats

File Path                          PID  Runtime      # DAGs    # Errors  Last Runtime    Last Run
-------------------------------  -----  ---------  --------  ----------  --------------  ----------
/opt/airflow/dags/edtech_dag.py    177  0.13s             0           0
================================================================================
[2025-12-29T17:41:49.407+0000] {manager.py:879} INFO - 
================================================================================
DAG File Processing Stats

File Path                        PID    Runtime      # DAGs    # Errors  Last Runtime    Last Run
-------------------------------  -----  ---------  --------  ----------  --------------  -------------------
/opt/airflow/dags/edtech_dag.py                           1           0  0.34s           2025-12-29T17:41:19
================================================================================
[2025-12-29T17:42:19.712+0000] {manager.py:879} INFO - 
================================================================================
DAG File Processing Stats

File Path                          PID  Runtime      # DAGs    # Errors  Last Runtime    Last Run
-------------------------------  -----  ---------  --------  ----------  --------------  -------------------
/opt/airflow/dags/edtech_dag.py    188  0.01s             1           0  0.09s           2025-12-29T17:41:49
================================================================================
[2026-06-12T11:05:42.956+0000] {manager.py:469} INFO - Processing files using up to 2 processes at a time 
[2026-06-12T11:05:42.959+0000] {manager.py:470} INFO - Process each file at most once every 30 seconds
[2026-06-12T11:05:42.959+0000] {manager.py:471} INFO - Checking for new files in /opt/airflow/dags every 300 seconds
[2026-06-12T11:05:42.959+0000] {manager.py:738} INFO - Searching for files in /opt/airflow/dags
[2026-06-12T11:05:42.979+0000] {manager.py:741} INFO - There are 1 files in /opt/airflow/dags
[2026-06-12T11:05:43.136+0000] {manager.py:879} INFO - 
================================================================================
DAG File Processing Stats

File Path                          PID  Runtime      # DAGs    # Errors  Last Runtime    Last Run
-------------------------------  -----  ---------  --------  ----------  --------------  ----------
/opt/airflow/dags/edtech_dag.py    178  0.08s             0           0
================================================================================
[2026-06-12T11:06:13.252+0000] {manager.py:879} INFO - 
================================================================================
DAG File Processing Stats

File Path                        PID    Runtime      # DAGs    # Errors  Last Runtime    Last Run
-------------------------------  -----  ---------  --------  ----------  --------------  -------------------
/opt/airflow/dags/edtech_dag.py                           1           0  0.65s           2026-06-12T11:05:43
================================================================================
[2026-06-12T11:06:43.964+0000] {manager.py:879} INFO - 
================================================================================
DAG File Processing Stats

File Path                          PID  Runtime      # DAGs    # Errors  Last Runtime    Last Run
-------------------------------  -----  ---------  --------  ----------  --------------  -------------------
/opt/airflow/dags/edtech_dag.py    189  0.01s             1           0  0.11s           2026-06-12T11:06:13
================================================================================
[2026-06-12T11:07:14.164+0000] {manager.py:879} INFO - 
================================================================================
DAG File Processing Stats

File Path                          PID  Runtime      # DAGs    # Errors  Last Runtime    Last Run
-------------------------------  -----  ---------  --------  ----------  --------------  -------------------
/opt/airflow/dags/edtech_dag.py    194  0.00s             1           0  0.10s           2026-06-12T11:06:44
================================================================================
[2026-06-12T11:07:44.279+0000] {manager.py:879} INFO - 
================================================================================
DAG File Processing Stats

File Path                          PID  Runtime      # DAGs    # Errors  Last Runtime    Last Run
-------------------------------  -----  ---------  --------  ----------  --------------  -------------------
/opt/airflow/dags/edtech_dag.py    199  0.00s             1           0  0.10s           2026-06-12T11:07:14
================================================================================
[2026-06-12T11:08:14.459+0000] {manager.py:879} INFO - 
================================================================================
DAG File Processing Stats

File Path                          PID  Runtime      # DAGs    # Errors  Last Runtime    Last Run
-------------------------------  -----  ---------  --------  ----------  --------------  -------------------
/opt/airflow/dags/edtech_dag.py    204  0.01s             1           0  0.09s           2026-06-12T11:07:44
================================================================================
[2026-06-12T11:08:44.592+0000] {manager.py:879} INFO - 
================================================================================
DAG File Processing Stats

File Path                          PID  Runtime      # DAGs    # Errors  Last Runtime    Last Run
-------------------------------  -----  ---------  --------  ----------  --------------  -------------------
/opt/airflow/dags/edtech_dag.py    209  0.01s             1           0  0.13s           2026-06-12T11:08:14
================================================================================
[2026-06-12T11:09:14.789+0000] {manager.py:879} INFO - 
================================================================================
DAG File Processing Stats

File Path                          PID  Runtime      # DAGs    # Errors  Last Runtime    Last Run
-------------------------------  -----  ---------  --------  ----------  --------------  -------------------
/opt/airflow/dags/edtech_dag.py    214  0.00s             1           0  0.11s           2026-06-12T11:08:44
================================================================================
[2026-06-12T11:09:44.912+0000] {manager.py:879} INFO - 
================================================================================
DAG File Processing Stats

File Path                          PID  Runtime      # DAGs    # Errors  Last Runtime    Last Run
-------------------------------  -----  ---------  --------  ----------  --------------  -------------------
/opt/airflow/dags/edtech_dag.py    219  0.01s             1           0  0.10s           2026-06-12T11:09:14
================================================================================
[2026-06-12T11:10:15.110+0000] {manager.py:879} INFO - 
================================================================================
DAG File Processing Stats

File Path                          PID  Runtime      # DAGs    # Errors  Last Runtime    Last Run
-------------------------------  -----  ---------  --------  ----------  --------------  -------------------
/opt/airflow/dags/edtech_dag.py    224  0.01s             1           0  0.09s           2026-06-12T11:09:44
================================================================================
[2026-06-12T11:10:43.223+0000] {manager.py:738} INFO - Searching for files in /opt/airflow/dags
[2026-06-12T11:10:43.225+0000] {manager.py:741} INFO - There are 1 files in /opt/airflow/dags
[2026-06-12T11:10:45.247+0000] {manager.py:879} INFO - 
================================================================================
DAG File Processing Stats

File Path                          PID  Runtime      # DAGs    # Errors  Last Runtime    Last Run
-------------------------------  -----  ---------  --------  ----------  --------------  -------------------
/opt/airflow/dags/edtech_dag.py    229  0.00s             1           0  0.09s           2026-06-12T11:10:15
================================================================================
[2026-06-12T11:11:15.416+0000] {manager.py:879} INFO - 
================================================================================
DAG File Processing Stats

File Path                          PID  Runtime      # DAGs    # Errors  Last Runtime    Last Run
-------------------------------  -----  ---------  --------  ----------  --------------  -------------------
/opt/airflow/dags/edtech_dag.py    234  0.01s             1           0  0.09s           2026-06-12T11:10:45
================================================================================
[2026-06-12T11:11:45.545+0000] {manager.py:879} INFO - 
================================================================================
DAG File Processing Stats

File Path                          PID  Runtime      # DAGs    # Errors  Last Runtime    Last Run
-------------------------------  -----  ---------  --------  ----------  --------------  -------------------
/opt/airflow/dags/edtech_dag.py    239  0.00s             1           0  0.10s           2026-06-12T11:11:15
================================================================================
[2026-06-12T11:12:15.722+0000] {manager.py:879} INFO - 
================================================================================
DAG File Processing Stats

File Path                          PID  Runtime      # DAGs    # Errors  Last Runtime    Last Run
-------------------------------  -----  ---------  --------  ----------  --------------  -------------------
/opt/airflow/dags/edtech_dag.py    244  0.01s             1           0  0.10s           2026-06-12T11:11:45
================================================================================
[2026-06-12T11:12:45.850+0000] {manager.py:879} INFO - 
================================================================================
DAG File Processing Stats

File Path                          PID  Runtime      # DAGs    # Errors  Last Runtime    Last Run
-------------------------------  -----  ---------  --------  ----------  --------------  -------------------
/opt/airflow/dags/edtech_dag.py    249  0.00s             1           0  0.08s           2026-06-12T11:12:15
================================================================================
[2026-06-12T11:13:16.013+0000] {manager.py:879} INFO - 
================================================================================
DAG File Processing Stats

File Path                          PID  Runtime      # DAGs    # Errors  Last Runtime    Last Run
-------------------------------  -----  ---------  --------  ----------  --------------  -------------------
/opt/airflow/dags/edtech_dag.py    254  0.00s             1           0  0.10s           2026-06-12T11:12:45
================================================================================
[2026-06-12T11:13:46.153+0000] {manager.py:879} INFO - 
================================================================================
DAG File Processing Stats

File Path                          PID  Runtime      # DAGs    # Errors  Last Runtime    Last Run
-------------------------------  -----  ---------  --------  ----------  --------------  -------------------
/opt/airflow/dags/edtech_dag.py    259  0.00s             1           0  0.10s           2026-06-12T11:13:16
================================================================================
[2026-06-12T11:14:16.319+0000] {manager.py:879} INFO - 
================================================================================
DAG File Processing Stats

File Path                          PID  Runtime      # DAGs    # Errors  Last Runtime    Last Run
-------------------------------  -----  ---------  --------  ----------  --------------  -------------------
/opt/airflow/dags/edtech_dag.py    264  0.01s             1           0  0.09s           2026-06-12T11:13:46
================================================================================
[2026-06-12T11:14:46.457+0000] {manager.py:879} INFO - 
================================================================================
DAG File Processing Stats

File Path                          PID  Runtime      # DAGs    # Errors  Last Runtime    Last Run
-------------------------------  -----  ---------  --------  ----------  --------------  -------------------
/opt/airflow/dags/edtech_dag.py    269  0.01s             1           0  0.09s           2026-06-12T11:14:16
================================================================================
[2026-06-12T11:15:16.613+0000] {manager.py:879} INFO - 
================================================================================
DAG File Processing Stats

File Path                        PID    Runtime      # DAGs    # Errors  Last Runtime    Last Run
-------------------------------  -----  ---------  --------  ----------  --------------  -------------------
/opt/airflow/dags/edtech_dag.py                           1           0  0.17s           2026-06-12T11:14:46
================================================================================
[2026-06-12T11:15:43.828+0000] {manager.py:738} INFO - Searching for files in /opt/airflow/dags
[2026-06-12T11:15:43.829+0000] {manager.py:741} INFO - There are 1 files in /opt/airflow/dags
[2026-06-12T11:15:46.853+0000] {manager.py:879} INFO - 
================================================================================
DAG File Processing Stats

File Path                          PID  Runtime      # DAGs    # Errors  Last Runtime    Last Run
-------------------------------  -----  ---------  --------  ----------  --------------  -------------------
/opt/airflow/dags/edtech_dag.py    279  0.00s             1           0  0.11s           2026-06-12T11:15:16
================================================================================
[2026-06-12T11:16:17.042+0000] {manager.py:879} INFO - 
================================================================================
DAG File Processing Stats

File Path                          PID  Runtime      # DAGs    # Errors  Last Runtime    Last Run
-------------------------------  -----  ---------  --------  ----------  --------------  -------------------
/opt/airflow/dags/edtech_dag.py    284  0.00s             1           0  0.09s           2026-06-12T11:15:46
================================================================================
[2026-06-12T11:16:47.163+0000] {manager.py:879} INFO - 
================================================================================
DAG File Processing Stats

File Path                          PID  Runtime      # DAGs    # Errors  Last Runtime    Last Run
-------------------------------  -----  ---------  --------  ----------  --------------  -------------------
/opt/airflow/dags/edtech_dag.py    289  0.00s             1           0  0.09s           2026-06-12T11:16:17
================================================================================
[2026-06-12T11:17:17.346+0000] {manager.py:879} INFO - 
================================================================================
DAG File Processing Stats

File Path                          PID  Runtime      # DAGs    # Errors  Last Runtime    Last Run
-------------------------------  -----  ---------  --------  ----------  --------------  -------------------
/opt/airflow/dags/edtech_dag.py    294  0.00s             1           0  0.10s           2026-06-12T11:16:47
================================================================================
[2026-06-12T11:17:47.475+0000] {manager.py:879} INFO - 
================================================================================
DAG File Processing Stats

File Path                          PID  Runtime      # DAGs    # Errors  Last Runtime    Last Run
-------------------------------  -----  ---------  --------  ----------  --------------  -------------------
/opt/airflow/dags/edtech_dag.py    307  0.00s             1           0  0.12s           2026-06-12T11:17:17
================================================================================
[2026-06-12T11:18:17.683+0000] {manager.py:879} INFO - 
================================================================================
DAG File Processing Stats

File Path                          PID  Runtime      # DAGs    # Errors  Last Runtime    Last Run
-------------------------------  -----  ---------  --------  ----------  --------------  -------------------
/opt/airflow/dags/edtech_dag.py    312  0.00s             1           0  0.11s           2026-06-12T11:17:47
================================================================================
[2026-06-12T11:18:47.815+0000] {manager.py:879} INFO - 
================================================================================
DAG File Processing Stats

File Path                          PID  Runtime      # DAGs    # Errors  Last Runtime    Last Run
-------------------------------  -----  ---------  --------  ----------  --------------  -------------------
/opt/airflow/dags/edtech_dag.py    317  0.01s             1           0  0.10s           2026-06-12T11:18:17
================================================================================
[2026-06-12T11:19:18.000+0000] {manager.py:879} INFO - 
================================================================================
DAG File Processing Stats

File Path                          PID  Runtime      # DAGs    # Errors  Last Runtime    Last Run
-------------------------------  -----  ---------  --------  ----------  --------------  -------------------
/opt/airflow/dags/edtech_dag.py    322  0.00s             1           0  0.10s           2026-06-12T11:18:47
================================================================================
[2026-06-12T11:19:48.123+0000] {manager.py:879} INFO - 
================================================================================
DAG File Processing Stats

File Path                          PID  Runtime      # DAGs    # Errors  Last Runtime    Last Run
-------------------------------  -----  ---------  --------  ----------  --------------  -------------------
/opt/airflow/dags/edtech_dag.py    327  0.00s             1           0  0.09s           2026-06-12T11:19:18
================================================================================
[2026-06-12T11:20:18.303+0000] {manager.py:879} INFO - 
================================================================================
DAG File Processing Stats

File Path                          PID  Runtime      # DAGs    # Errors  Last Runtime    Last Run
-------------------------------  -----  ---------  --------  ----------  --------------  -------------------
/opt/airflow/dags/edtech_dag.py    332  0.01s             1           0  0.11s           2026-06-12T11:19:48
================================================================================
[2026-06-12T11:20:44.427+0000] {manager.py:738} INFO - Searching for files in /opt/airflow/dags
[2026-06-12T11:20:44.428+0000] {manager.py:741} INFO - There are 1 files in /opt/airflow/dags
[2026-06-12T11:20:48.456+0000] {manager.py:879} INFO - 
================================================================================
DAG File Processing Stats

File Path                          PID  Runtime      # DAGs    # Errors  Last Runtime    Last Run
-------------------------------  -----  ---------  --------  ----------  --------------  -------------------
/opt/airflow/dags/edtech_dag.py    337  0.00s             1           0  0.14s           2026-06-12T11:20:18
================================================================================
[2026-06-12T11:21:18.635+0000] {manager.py:879} INFO - 
================================================================================
DAG File Processing Stats

File Path                          PID  Runtime      # DAGs    # Errors  Last Runtime    Last Run
-------------------------------  -----  ---------  --------  ----------  --------------  -------------------
/opt/airflow/dags/edtech_dag.py    342  0.00s             1           0  0.10s           2026-06-12T11:20:48
================================================================================
[2026-06-12T11:21:48.758+0000] {manager.py:879} INFO - 
================================================================================
DAG File Processing Stats

File Path                          PID  Runtime      # DAGs    # Errors  Last Runtime    Last Run
-------------------------------  -----  ---------  --------  ----------  --------------  -------------------
/opt/airflow/dags/edtech_dag.py    347  0.00s             1           0  0.09s           2026-06-12T11:21:18
================================================================================
[2026-06-12T11:22:18.939+0000] {manager.py:879} INFO - 
================================================================================
DAG File Processing Stats

File Path                          PID  Runtime      # DAGs    # Errors  Last Runtime    Last Run
-------------------------------  -----  ---------  --------  ----------  --------------  -------------------
/opt/airflow/dags/edtech_dag.py    352  0.00s             1           0  0.10s           2026-06-12T11:21:48
================================================================================
[2026-06-12T11:22:49.071+0000] {manager.py:879} INFO - 
================================================================================
DAG File Processing Stats

File Path                          PID  Runtime      # DAGs    # Errors  Last Runtime    Last Run
-------------------------------  -----  ---------  --------  ----------  --------------  -------------------
/opt/airflow/dags/edtech_dag.py    357  0.00s             1           0  0.10s           2026-06-12T11:22:19
================================================================================
[2026-06-12T11:23:19.246+0000] {manager.py:879} INFO - 
================================================================================
DAG File Processing Stats

File Path                          PID  Runtime      # DAGs    # Errors  Last Runtime    Last Run
-------------------------------  -----  ---------  --------  ----------  --------------  -------------------
/opt/airflow/dags/edtech_dag.py    362  0.00s             1           0  0.10s           2026-06-12T11:22:49
================================================================================
[2026-06-12T11:23:49.360+0000] {manager.py:879} INFO - 
================================================================================
DAG File Processing Stats

File Path                          PID  Runtime      # DAGs    # Errors  Last Runtime    Last Run
-------------------------------  -----  ---------  --------  ----------  --------------  -------------------
/opt/airflow/dags/edtech_dag.py    367  0.00s             1           0  0.10s           2026-06-12T11:23:19
================================================================================
[2026-06-12T11:24:19.561+0000] {manager.py:879} INFO - 
================================================================================
DAG File Processing Stats

File Path                          PID  Runtime      # DAGs    # Errors  Last Runtime    Last Run
-------------------------------  -----  ---------  --------  ----------  --------------  -------------------
/opt/airflow/dags/edtech_dag.py    372  0.00s             1           0  0.10s           2026-06-12T11:23:49
================================================================================
[2026-06-12T11:24:49.685+0000] {manager.py:879} INFO - 
================================================================================
DAG File Processing Stats

File Path                          PID  Runtime      # DAGs    # Errors  Last Runtime    Last Run
-------------------------------  -----  ---------  --------  ----------  --------------  -------------------
/opt/airflow/dags/edtech_dag.py    377  0.00s             1           0  0.09s           2026-06-12T11:24:19
================================================================================
[2026-06-12T11:25:19.860+0000] {manager.py:879} INFO - 
================================================================================
DAG File Processing Stats

File Path                          PID  Runtime      # DAGs    # Errors  Last Runtime    Last Run
-------------------------------  -----  ---------  --------  ----------  --------------  -------------------
/opt/airflow/dags/edtech_dag.py    382  0.00s             1           0  0.09s           2026-06-12T11:24:49
================================================================================
[2026-06-12T11:25:44.955+0000] {manager.py:738} INFO - Searching for files in /opt/airflow/dags
[2026-06-12T11:25:44.956+0000] {manager.py:741} INFO - There are 1 files in /opt/airflow/dags
[2026-06-12T11:25:49.987+0000] {manager.py:879} INFO - 
================================================================================
DAG File Processing Stats

File Path                          PID  Runtime      # DAGs    # Errors  Last Runtime    Last Run
-------------------------------  -----  ---------  --------  ----------  --------------  -------------------
/opt/airflow/dags/edtech_dag.py    387  0.00s             1           0  0.09s           2026-06-12T11:25:19
================================================================================
[2026-06-12T11:26:20.152+0000] {manager.py:879} INFO - 
================================================================================
DAG File Processing Stats

File Path                          PID  Runtime      # DAGs    # Errors  Last Runtime    Last Run
-------------------------------  -----  ---------  --------  ----------  --------------  -------------------
/opt/airflow/dags/edtech_dag.py    392  0.00s             1           0  0.11s           2026-06-12T11:25:50
================================================================================
[2026-06-12T11:26:50.312+0000] {manager.py:879} INFO - 
================================================================================
DAG File Processing Stats

File Path                          PID  Runtime      # DAGs    # Errors  Last Runtime    Last Run
-------------------------------  -----  ---------  --------  ----------  --------------  -------------------
/opt/airflow/dags/edtech_dag.py    397  0.01s             1           0  0.09s           2026-06-12T11:26:20
================================================================================
[2026-06-12T11:27:20.451+0000] {manager.py:879} INFO - 
================================================================================
DAG File Processing Stats

File Path                          PID  Runtime      # DAGs    # Errors  Last Runtime    Last Run
-------------------------------  -----  ---------  --------  ----------  --------------  -------------------
/opt/airflow/dags/edtech_dag.py    402  0.00s             1           0  0.10s           2026-06-12T11:26:50
================================================================================
[2026-06-12T11:27:50.631+0000] {manager.py:879} INFO - 
================================================================================
DAG File Processing Stats

File Path                          PID  Runtime      # DAGs    # Errors  Last Runtime    Last Run
-------------------------------  -----  ---------  --------  ----------  --------------  -------------------
/opt/airflow/dags/edtech_dag.py    407  0.00s             1           0  0.13s           2026-06-12T11:27:20
================================================================================
[2026-06-12T11:28:20.813+0000] {manager.py:879} INFO - 
================================================================================
DAG File Processing Stats

File Path                          PID  Runtime      # DAGs    # Errors  Last Runtime    Last Run
-------------------------------  -----  ---------  --------  ----------  --------------  -------------------
/opt/airflow/dags/edtech_dag.py    412  0.02s             1           0  0.10s           2026-06-12T11:27:50
================================================================================
[2026-06-12T11:28:50.950+0000] {manager.py:879} INFO - 
================================================================================
DAG File Processing Stats

File Path                          PID  Runtime      # DAGs    # Errors  Last Runtime    Last Run
-------------------------------  -----  ---------  --------  ----------  --------------  -------------------
/opt/airflow/dags/edtech_dag.py    417  0.01s             1           0  0.11s           2026-06-12T11:28:20
================================================================================
[2026-06-12T11:29:21.135+0000] {manager.py:879} INFO - 
================================================================================
DAG File Processing Stats

File Path                          PID  Runtime      # DAGs    # Errors  Last Runtime    Last Run
-------------------------------  -----  ---------  --------  ----------  --------------  -------------------
/opt/airflow/dags/edtech_dag.py    422  0.01s             1           0  0.11s           2026-06-12T11:28:51
================================================================================
[2026-06-12T11:29:51.258+0000] {manager.py:879} INFO - 
================================================================================
DAG File Processing Stats

File Path                        PID    Runtime      # DAGs    # Errors  Last Runtime    Last Run
-------------------------------  -----  ---------  --------  ----------  --------------  -------------------
/opt/airflow/dags/edtech_dag.py                           1           0  0.16s           2026-06-12T11:29:21
================================================================================
[2026-06-12T11:30:21.504+0000] {manager.py:879} INFO - 
================================================================================
DAG File Processing Stats

File Path                          PID  Runtime      # DAGs    # Errors  Last Runtime    Last Run
-------------------------------  -----  ---------  --------  ----------  --------------  -------------------
/opt/airflow/dags/edtech_dag.py    432  0.00s             1           0  0.10s           2026-06-12T11:29:51
================================================================================
[2026-06-12T11:30:45.659+0000] {manager.py:738} INFO - Searching for files in /opt/airflow/dags
[2026-06-12T11:30:45.660+0000] {manager.py:741} INFO - There are 1 files in /opt/airflow/dags
[2026-06-12T11:30:51.694+0000] {manager.py:879} INFO - 
================================================================================
DAG File Processing Stats

File Path                          PID  Runtime      # DAGs    # Errors  Last Runtime    Last Run
-------------------------------  -----  ---------  --------  ----------  --------------  -------------------
/opt/airflow/dags/edtech_dag.py    437  0.00s             1           0  0.10s           2026-06-12T11:30:21
================================================================================
[2026-06-12T11:31:21.824+0000] {manager.py:879} INFO - 
================================================================================
DAG File Processing Stats

File Path                          PID  Runtime      # DAGs    # Errors  Last Runtime    Last Run
-------------------------------  -----  ---------  --------  ----------  --------------  -------------------
/opt/airflow/dags/edtech_dag.py    442  0.01s             1           0  0.10s           2026-06-12T11:30:51
================================================================================
[2026-06-12T11:31:51.996+0000] {manager.py:879} INFO - 
================================================================================
DAG File Processing Stats

File Path                          PID  Runtime      # DAGs    # Errors  Last Runtime    Last Run
-------------------------------  -----  ---------  --------  ----------  --------------  -------------------
/opt/airflow/dags/edtech_dag.py    447  0.00s             1           0  0.13s           2026-06-12T11:31:21
================================================================================
[2026-06-12T11:32:22.159+0000] {manager.py:879} INFO - 
================================================================================
DAG File Processing Stats

File Path                          PID  Runtime      # DAGs    # Errors  Last Runtime    Last Run
-------------------------------  -----  ---------  --------  ----------  --------------  -------------------
/opt/airflow/dags/edtech_dag.py    452  0.01s             1           0  0.10s           2026-06-12T11:31:52
================================================================================
[2026-06-12T11:32:52.296+0000] {manager.py:879} INFO - 
================================================================================
DAG File Processing Stats

File Path                          PID  Runtime      # DAGs    # Errors  Last Runtime    Last Run
-------------------------------  -----  ---------  --------  ----------  --------------  -------------------
/opt/airflow/dags/edtech_dag.py    457  0.00s             1           0  0.12s           2026-06-12T11:32:22
================================================================================
[2026-06-12T11:33:22.481+0000] {manager.py:879} INFO - 
================================================================================
DAG File Processing Stats

File Path                          PID  Runtime      # DAGs    # Errors  Last Runtime    Last Run
-------------------------------  -----  ---------  --------  ----------  --------------  -------------------
/opt/airflow/dags/edtech_dag.py    462  0.00s             1           0  0.10s           2026-06-12T11:32:52
================================================================================
[2026-06-12T11:33:52.606+0000] {manager.py:879} INFO - 
================================================================================
DAG File Processing Stats

File Path                          PID  Runtime      # DAGs    # Errors  Last Runtime    Last Run
-------------------------------  -----  ---------  --------  ----------  --------------  -------------------
/opt/airflow/dags/edtech_dag.py    467  0.00s             1           0  0.09s           2026-06-12T11:33:22
================================================================================
[2026-06-12T11:34:22.779+0000] {manager.py:879} INFO - 
================================================================================
DAG File Processing Stats

File Path                          PID  Runtime      # DAGs    # Errors  Last Runtime    Last Run
-------------------------------  -----  ---------  --------  ----------  --------------  -------------------
/opt/airflow/dags/edtech_dag.py    472  0.00s             1           0  0.11s           2026-06-12T11:33:52
================================================================================
[2026-06-12T11:34:52.900+0000] {manager.py:879} INFO - 
================================================================================
DAG File Processing Stats

File Path                          PID  Runtime      # DAGs    # Errors  Last Runtime    Last Run
-------------------------------  -----  ---------  --------  ----------  --------------  -------------------
/opt/airflow/dags/edtech_dag.py    477  0.00s             1           0  0.12s           2026-06-12T11:34:22
================================================================================
[2026-06-12T11:35:23.093+0000] {manager.py:879} INFO - 
================================================================================
DAG File Processing Stats

File Path                          PID  Runtime      # DAGs    # Errors  Last Runtime    Last Run
-------------------------------  -----  ---------  --------  ----------  --------------  -------------------
/opt/airflow/dags/edtech_dag.py    482  0.00s             1           0  0.10s           2026-06-12T11:34:52
================================================================================
[2026-06-12T11:35:46.188+0000] {manager.py:738} INFO - Searching for files in /opt/airflow/dags
[2026-06-12T11:35:46.190+0000] {manager.py:741} INFO - There are 1 files in /opt/airflow/dags
[2026-06-12T11:35:53.235+0000] {manager.py:879} INFO - 
================================================================================
DAG File Processing Stats

File Path                          PID  Runtime      # DAGs    # Errors  Last Runtime    Last Run
-------------------------------  -----  ---------  --------  ----------  --------------  -------------------
/opt/airflow/dags/edtech_dag.py    487  0.00s             1           0  0.10s           2026-06-12T11:35:23
================================================================================
[2026-06-12T11:36:23.401+0000] {manager.py:879} INFO - 
================================================================================
DAG File Processing Stats

File Path                          PID  Runtime      # DAGs    # Errors  Last Runtime    Last Run
-------------------------------  -----  ---------  --------  ----------  --------------  -------------------
/opt/airflow/dags/edtech_dag.py    492  0.00s             1           0  0.11s           2026-06-12T11:35:53
================================================================================
[2026-06-12T11:36:53.541+0000] {manager.py:879} INFO - 
================================================================================
DAG File Processing Stats

File Path                          PID  Runtime      # DAGs    # Errors  Last Runtime    Last Run
-------------------------------  -----  ---------  --------  ----------  --------------  -------------------
/opt/airflow/dags/edtech_dag.py    497  0.00s             1           0  0.09s           2026-06-12T11:36:23
================================================================================
[2026-06-12T11:37:23.703+0000] {manager.py:879} INFO - 
================================================================================
DAG File Processing Stats

File Path                          PID  Runtime      # DAGs    # Errors  Last Runtime    Last Run
-------------------------------  -----  ---------  --------  ----------  --------------  -------------------
/opt/airflow/dags/edtech_dag.py    502  0.00s             1           0  0.10s           2026-06-12T11:36:53
================================================================================
[2026-06-12T11:37:53.851+0000] {manager.py:879} INFO - 
================================================================================
DAG File Processing Stats

File Path                          PID  Runtime      # DAGs    # Errors  Last Runtime    Last Run
-------------------------------  -----  ---------  --------  ----------  --------------  -------------------
/opt/airflow/dags/edtech_dag.py    507  0.00s             1           0  0.10s           2026-06-12T11:37:23
================================================================================
[2026-06-12T11:38:24.003+0000] {manager.py:879} INFO - 
================================================================================
DAG File Processing Stats

File Path                          PID  Runtime      # DAGs    # Errors  Last Runtime    Last Run
-------------------------------  -----  ---------  --------  ----------  --------------  -------------------
/opt/airflow/dags/edtech_dag.py    512  0.00s             1           0  0.10s           2026-06-12T11:37:53
================================================================================
[2026-06-12T11:38:54.152+0000] {manager.py:879} INFO - 
================================================================================
DAG File Processing Stats

File Path                          PID  Runtime      # DAGs    # Errors  Last Runtime    Last Run
-------------------------------  -----  ---------  --------  ----------  --------------  -------------------
/opt/airflow/dags/edtech_dag.py    517  0.00s             1           0  0.10s           2026-06-12T11:38:24
================================================================================
[2026-06-12T11:39:24.309+0000] {manager.py:879} INFO - 
================================================================================
DAG File Processing Stats

File Path                          PID  Runtime      # DAGs    # Errors  Last Runtime    Last Run
-------------------------------  -----  ---------  --------  ----------  --------------  -------------------
/opt/airflow/dags/edtech_dag.py    522  0.01s             1           0  0.09s           2026-06-12T11:38:54
================================================================================
[2026-06-12T11:39:54.452+0000] {manager.py:879} INFO - 
================================================================================
DAG File Processing Stats

File Path                          PID  Runtime      # DAGs    # Errors  Last Runtime    Last Run
-------------------------------  -----  ---------  --------  ----------  --------------  -------------------
/opt/airflow/dags/edtech_dag.py    527  0.00s             1           0  0.09s           2026-06-12T11:39:24
================================================================================
[2026-06-12T11:40:24.618+0000] {manager.py:879} INFO - 
================================================================================
DAG File Processing Stats

File Path                          PID  Runtime      # DAGs    # Errors  Last Runtime    Last Run
-------------------------------  -----  ---------  --------  ----------  --------------  -------------------
/opt/airflow/dags/edtech_dag.py    532  0.01s             1           0  0.10s           2026-06-12T11:39:54
================================================================================
[2026-06-12T11:40:46.725+0000] {manager.py:738} INFO - Searching for files in /opt/airflow/dags
[2026-06-12T11:40:46.726+0000] {manager.py:741} INFO - There are 1 files in /opt/airflow/dags
[2026-06-12T11:40:54.769+0000] {manager.py:879} INFO - 
================================================================================
DAG File Processing Stats

File Path                          PID  Runtime      # DAGs    # Errors  Last Runtime    Last Run
-------------------------------  -----  ---------  --------  ----------  --------------  -------------------
/opt/airflow/dags/edtech_dag.py    537  0.00s             1           0  0.11s           2026-06-12T11:40:24
================================================================================
[2026-06-12T11:41:24.940+0000] {manager.py:879} INFO - 
================================================================================
DAG File Processing Stats

File Path                          PID  Runtime      # DAGs    # Errors  Last Runtime    Last Run
-------------------------------  -----  ---------  --------  ----------  --------------  -------------------
/opt/airflow/dags/edtech_dag.py    542  0.00s             1           0  0.10s           2026-06-12T11:40:54
================================================================================
[2026-06-12T11:41:55.062+0000] {manager.py:879} INFO - 
================================================================================
DAG File Processing Stats

File Path                          PID  Runtime      # DAGs    # Errors  Last Runtime    Last Run
-------------------------------  -----  ---------  --------  ----------  --------------  -------------------
/opt/airflow/dags/edtech_dag.py    547  0.00s             1           0  0.10s           2026-06-12T11:41:25
================================================================================
[2026-06-12T11:42:25.237+0000] {manager.py:879} INFO - 
================================================================================
DAG File Processing Stats

File Path                          PID  Runtime      # DAGs    # Errors  Last Runtime    Last Run
-------------------------------  -----  ---------  --------  ----------  --------------  -------------------
/opt/airflow/dags/edtech_dag.py    552  0.00s             1           0  0.09s           2026-06-12T11:41:55
================================================================================
[2026-06-12T11:42:55.355+0000] {manager.py:879} INFO - 
================================================================================
DAG File Processing Stats

File Path                          PID  Runtime      # DAGs    # Errors  Last Runtime    Last Run
-------------------------------  -----  ---------  --------  ----------  --------------  -------------------
/opt/airflow/dags/edtech_dag.py    557  0.00s             1           0  0.10s           2026-06-12T11:42:25
================================================================================
[2026-06-12T11:43:25.553+0000] {manager.py:879} INFO - 
================================================================================
DAG File Processing Stats

File Path                          PID  Runtime      # DAGs    # Errors  Last Runtime    Last Run
-------------------------------  -----  ---------  --------  ----------  --------------  -------------------
/opt/airflow/dags/edtech_dag.py    562  0.00s             1           0  0.10s           2026-06-12T11:42:55
================================================================================
[2026-06-12T11:43:55.671+0000] {manager.py:879} INFO - 
================================================================================
DAG File Processing Stats

File Path                        PID    Runtime      # DAGs    # Errors  Last Runtime    Last Run
-------------------------------  -----  ---------  --------  ----------  --------------  -------------------
/opt/airflow/dags/edtech_dag.py                           1           0  0.15s           2026-06-12T11:43:25
================================================================================
[2026-06-12T11:44:25.927+0000] {manager.py:879} INFO - 
================================================================================
DAG File Processing Stats

File Path                          PID  Runtime      # DAGs    # Errors  Last Runtime    Last Run
-------------------------------  -----  ---------  --------  ----------  --------------  -------------------
/opt/airflow/dags/edtech_dag.py    572  0.00s             1           0  0.09s           2026-06-12T11:43:55
================================================================================
[2026-06-12T11:44:56.127+0000] {manager.py:879} INFO - 
================================================================================
DAG File Processing Stats

File Path                          PID  Runtime      # DAGs    # Errors  Last Runtime    Last Run
-------------------------------  -----  ---------  --------  ----------  --------------  -------------------
/opt/airflow/dags/edtech_dag.py    577  0.02s             1           0  0.12s           2026-06-12T11:44:26
================================================================================
[2026-06-12T11:45:26.269+0000] {manager.py:879} INFO - 
================================================================================
DAG File Processing Stats

File Path                          PID  Runtime      # DAGs    # Errors  Last Runtime    Last Run
-------------------------------  -----  ---------  --------  ----------  --------------  -------------------
/opt/airflow/dags/edtech_dag.py    582  0.00s             1           0  0.15s           2026-06-12T11:44:56
================================================================================
[2026-06-12T11:45:47.438+0000] {manager.py:738} INFO - Searching for files in /opt/airflow/dags
[2026-06-12T11:45:47.441+0000] {manager.py:741} INFO - There are 1 files in /opt/airflow/dags
[2026-06-12T11:45:56.534+0000] {manager.py:879} INFO - 
================================================================================
DAG File Processing Stats

File Path                          PID  Runtime      # DAGs    # Errors  Last Runtime    Last Run
-------------------------------  -----  ---------  --------  ----------  --------------  -------------------
/opt/airflow/dags/edtech_dag.py    587  0.03s             1           0  0.14s           2026-06-12T11:45:26
================================================================================
[2026-06-12T11:46:26.658+0000] {manager.py:879} INFO - 
================================================================================
DAG File Processing Stats

File Path                        PID    Runtime      # DAGs    # Errors  Last Runtime    Last Run
-------------------------------  -----  ---------  --------  ----------  --------------  -------------------
/opt/airflow/dags/edtech_dag.py                           1           0  0.19s           2026-06-12T11:45:56
================================================================================
[2026-06-12T11:46:56.904+0000] {manager.py:879} INFO - 
================================================================================
DAG File Processing Stats

File Path                        PID    Runtime      # DAGs    # Errors  Last Runtime    Last Run
-------------------------------  -----  ---------  --------  ----------  --------------  -------------------
/opt/airflow/dags/edtech_dag.py                           1           0  0.12s           2026-06-12T11:46:26
================================================================================
[2026-06-12T11:47:27.116+0000] {manager.py:879} INFO - 
================================================================================
DAG File Processing Stats

File Path                        PID    Runtime      # DAGs    # Errors  Last Runtime    Last Run
-------------------------------  -----  ---------  --------  ----------  --------------  -------------------
/opt/airflow/dags/edtech_dag.py                           1           0  0.12s           2026-06-12T11:46:57
================================================================================
[2026-06-12T11:47:57.355+0000] {manager.py:879} INFO - 
================================================================================
DAG File Processing Stats

File Path                          PID  Runtime      # DAGs    # Errors  Last Runtime    Last Run
-------------------------------  -----  ---------  --------  ----------  --------------  -------------------
/opt/airflow/dags/edtech_dag.py    607  0.00s             1           0  0.11s           2026-06-12T11:47:27
================================================================================
[2026-06-12T11:48:27.535+0000] {manager.py:879} INFO - 
================================================================================
DAG File Processing Stats

File Path                        PID    Runtime      # DAGs    # Errors  Last Runtime    Last Run
-------------------------------  -----  ---------  --------  ----------  --------------  -------------------
/opt/airflow/dags/edtech_dag.py                           1           0  0.23s           2026-06-12T11:47:57
================================================================================
[2026-06-12T11:48:57.799+0000] {manager.py:879} INFO - 
================================================================================
DAG File Processing Stats

File Path                        PID    Runtime      # DAGs    # Errors  Last Runtime    Last Run
-------------------------------  -----  ---------  --------  ----------  --------------  -------------------
/opt/airflow/dags/edtech_dag.py                           1           0  0.23s           2026-06-12T11:48:27
================================================================================
[2026-06-12T11:49:28.173+0000] {manager.py:879} INFO - 
================================================================================
DAG File Processing Stats

File Path                          PID  Runtime      # DAGs    # Errors  Last Runtime    Last Run
-------------------------------  -----  ---------  --------  ----------  --------------  -------------------
/opt/airflow/dags/edtech_dag.py    622  0.00s             1           0  0.11s           2026-06-12T11:48:58
================================================================================
[2026-06-12T11:49:58.365+0000] {manager.py:879} INFO - 
================================================================================
DAG File Processing Stats

File Path                          PID  Runtime      # DAGs    # Errors  Last Runtime    Last Run
-------------------------------  -----  ---------  --------  ----------  --------------  -------------------
/opt/airflow/dags/edtech_dag.py    627  0.00s             1           0  0.13s           2026-06-12T11:49:28
================================================================================
[2026-06-12T11:50:28.518+0000] {manager.py:879} INFO - 
================================================================================
DAG File Processing Stats

File Path                          PID  Runtime      # DAGs    # Errors  Last Runtime    Last Run
-------------------------------  -----  ---------  --------  ----------  --------------  -------------------
/opt/airflow/dags/edtech_dag.py    632  0.01s             1           0  0.12s           2026-06-12T11:49:58
================================================================================
[2026-06-12T11:50:47.654+0000] {manager.py:738} INFO - Searching for files in /opt/airflow/dags
[2026-06-12T11:50:47.655+0000] {manager.py:741} INFO - There are 1 files in /opt/airflow/dags
[2026-06-12T11:50:58.710+0000] {manager.py:879} INFO - 
================================================================================
DAG File Processing Stats

File Path                          PID  Runtime      # DAGs    # Errors  Last Runtime    Last Run
-------------------------------  -----  ---------  --------  ----------  --------------  -------------------
/opt/airflow/dags/edtech_dag.py    637  0.01s             1           0  0.09s           2026-06-12T11:50:28
================================================================================
[2026-06-12T11:51:28.841+0000] {manager.py:879} INFO - 
================================================================================
DAG File Processing Stats

File Path                          PID  Runtime      # DAGs    # Errors  Last Runtime    Last Run
-------------------------------  -----  ---------  --------  ----------  --------------  -------------------
/opt/airflow/dags/edtech_dag.py    642  0.00s             1           0  0.10s           2026-06-12T11:50:58
================================================================================
[2026-06-12T11:51:59.010+0000] {manager.py:879} INFO - 
================================================================================
DAG File Processing Stats

File Path                          PID  Runtime      # DAGs    # Errors  Last Runtime    Last Run
-------------------------------  -----  ---------  --------  ----------  --------------  -------------------
/opt/airflow/dags/edtech_dag.py    647  0.01s             1           0  0.10s           2026-06-12T11:51:28
================================================================================
[2026-06-12T11:52:29.153+0000] {manager.py:879} INFO - 
================================================================================
DAG File Processing Stats

File Path                          PID  Runtime      # DAGs    # Errors  Last Runtime    Last Run
-------------------------------  -----  ---------  --------  ----------  --------------  -------------------
/opt/airflow/dags/edtech_dag.py    652  0.00s             1           0  0.09s           2026-06-12T11:51:59
================================================================================
[2026-06-12T11:52:59.327+0000] {manager.py:879} INFO - 
================================================================================
DAG File Processing Stats

File Path                          PID  Runtime      # DAGs    # Errors  Last Runtime    Last Run
-------------------------------  -----  ---------  --------  ----------  --------------  -------------------
/opt/airflow/dags/edtech_dag.py    657  0.01s             1           0  0.10s           2026-06-12T11:52:29
================================================================================
[2026-06-12T11:53:29.461+0000] {manager.py:879} INFO - 
================================================================================
DAG File Processing Stats

File Path                          PID  Runtime      # DAGs    # Errors  Last Runtime    Last Run
-------------------------------  -----  ---------  --------  ----------  --------------  -------------------
/opt/airflow/dags/edtech_dag.py    662  0.00s             1           0  0.10s           2026-06-12T11:52:59
================================================================================
[2026-06-12T11:53:59.626+0000] {manager.py:879} INFO - 
================================================================================
DAG File Processing Stats

File Path                          PID  Runtime      # DAGs    # Errors  Last Runtime    Last Run
-------------------------------  -----  ---------  --------  ----------  --------------  -------------------
/opt/airflow/dags/edtech_dag.py    667  0.00s             1           0  0.12s           2026-06-12T11:53:29
================================================================================
[2026-06-12T11:54:29.796+0000] {manager.py:879} INFO - 
================================================================================
DAG File Processing Stats

File Path                          PID  Runtime      # DAGs    # Errors  Last Runtime    Last Run
-------------------------------  -----  ---------  --------  ----------  --------------  -------------------
/opt/airflow/dags/edtech_dag.py    672  0.00s             1           0  0.09s           2026-06-12T11:53:59
================================================================================
[2026-06-12T11:54:59.924+0000] {manager.py:879} INFO - 
================================================================================
DAG File Processing Stats

File Path                          PID  Runtime      # DAGs    # Errors  Last Runtime    Last Run
-------------------------------  -----  ---------  --------  ----------  --------------  -------------------
/opt/airflow/dags/edtech_dag.py    677  0.01s             1           0  0.11s           2026-06-12T11:54:29
================================================================================
[2026-06-12T11:55:30.101+0000] {manager.py:879} INFO - 
================================================================================
DAG File Processing Stats

File Path                          PID  Runtime      # DAGs    # Errors  Last Runtime    Last Run
-------------------------------  -----  ---------  --------  ----------  --------------  -------------------
/opt/airflow/dags/edtech_dag.py    682  0.00s             1           0  0.09s           2026-06-12T11:55:00
================================================================================
[2026-06-12T11:55:48.177+0000] {manager.py:738} INFO - Searching for files in /opt/airflow/dags
[2026-06-12T11:55:48.178+0000] {manager.py:741} INFO - There are 1 files in /opt/airflow/dags
[2026-06-12T11:56:00.238+0000] {manager.py:879} INFO - 
================================================================================
DAG File Processing Stats

File Path                          PID  Runtime      # DAGs    # Errors  Last Runtime    Last Run
-------------------------------  -----  ---------  --------  ----------  --------------  -------------------
/opt/airflow/dags/edtech_dag.py    687  0.01s             1           0  0.11s           2026-06-12T11:55:30
================================================================================
[2026-06-12T11:56:30.413+0000] {manager.py:879} INFO - 
================================================================================
DAG File Processing Stats

File Path                          PID  Runtime      # DAGs    # Errors  Last Runtime    Last Run
-------------------------------  -----  ---------  --------  ----------  --------------  -------------------
/opt/airflow/dags/edtech_dag.py    692  0.01s             1           0  0.10s           2026-06-12T11:56:00
================================================================================
[2026-06-12T11:57:00.554+0000] {manager.py:879} INFO - 
================================================================================
DAG File Processing Stats

File Path                          PID  Runtime      # DAGs    # Errors  Last Runtime    Last Run
-------------------------------  -----  ---------  --------  ----------  --------------  -------------------
/opt/airflow/dags/edtech_dag.py    697  0.00s             1           0  0.09s           2026-06-12T11:56:30
================================================================================
[2026-06-12T11:57:30.722+0000] {manager.py:879} INFO - 
================================================================================
DAG File Processing Stats

File Path                          PID  Runtime      # DAGs    # Errors  Last Runtime    Last Run
-------------------------------  -----  ---------  --------  ----------  --------------  -------------------
/opt/airflow/dags/edtech_dag.py    702  0.01s             1           0  0.10s           2026-06-12T11:57:00
================================================================================
[2026-06-12T11:58:00.855+0000] {manager.py:879} INFO - 
================================================================================
DAG File Processing Stats

File Path                          PID  Runtime      # DAGs    # Errors  Last Runtime    Last Run
-------------------------------  -----  ---------  --------  ----------  --------------  -------------------
/opt/airflow/dags/edtech_dag.py    707  0.00s             1           0  0.09s           2026-06-12T11:57:30
================================================================================
[2026-06-12T11:58:31.021+0000] {manager.py:879} INFO - 
================================================================================
DAG File Processing Stats

File Path                          PID  Runtime      # DAGs    # Errors  Last Runtime    Last Run
-------------------------------  -----  ---------  --------  ----------  --------------  -------------------
/opt/airflow/dags/edtech_dag.py    712  0.01s             1           0  0.09s           2026-06-12T11:58:00
================================================================================
[2026-06-12T11:59:01.138+0000] {manager.py:879} INFO - 
================================================================================
DAG File Processing Stats

File Path                          PID  Runtime      # DAGs    # Errors  Last Runtime    Last Run
-------------------------------  -----  ---------  --------  ----------  --------------  -------------------
/opt/airflow/dags/edtech_dag.py    717  0.00s             1           0  0.09s           2026-06-12T11:58:31
================================================================================
[2026-06-12T11:59:31.315+0000] {manager.py:879} INFO - 
================================================================================
DAG File Processing Stats

File Path                          PID  Runtime      # DAGs    # Errors  Last Runtime    Last Run
-------------------------------  -----  ---------  --------  ----------  --------------  -------------------
/opt/airflow/dags/edtech_dag.py    722  0.01s             1           0  0.15s           2026-06-12T11:59:01
================================================================================
[2026-06-12T12:00:01.488+0000] {manager.py:879} INFO - 
================================================================================
DAG File Processing Stats

File Path                          PID  Runtime      # DAGs    # Errors  Last Runtime    Last Run
-------------------------------  -----  ---------  --------  ----------  --------------  -------------------
/opt/airflow/dags/edtech_dag.py    727  0.00s             1           0  0.09s           2026-06-12T11:59:31
================================================================================
