[2026-06-12T11:05:43.105+0000] {processor.py:161} INFO - Started process (PID=178) to work on /opt/airflow/dags/edtech_dag.py
[2026-06-12T11:05:43.108+0000] {processor.py:830} INFO - Processing file /opt/airflow/dags/edtech_dag.py for tasks to queue
[2026-06-12T11:05:43.109+0000] {logging_mixin.py:188} INFO - [2026-06-12T11:05:43.108+0000] {dagbag.py:538} INFO - Filling up the DagBag from /opt/airflow/dags/edtech_dag.py
[2026-06-12T11:05:43.253+0000] {processor.py:840} INFO - DAG(s) 'edtech_analytics' retrieved from /opt/airflow/dags/edtech_dag.py
[2026-06-12T11:05:43.620+0000] {logging_mixin.py:188} INFO - [2026-06-12T11:05:43.619+0000] {override.py:1769} INFO - Created Permission View: can edit on DAG:edtech_analytics
[2026-06-12T11:05:43.631+0000] {logging_mixin.py:188} INFO - [2026-06-12T11:05:43.631+0000] {override.py:1769} INFO - Created Permission View: can delete on DAG:edtech_analytics
[2026-06-12T11:05:43.640+0000] {logging_mixin.py:188} INFO - [2026-06-12T11:05:43.639+0000] {override.py:1769} INFO - Created Permission View: can read on DAG:edtech_analytics
[2026-06-12T11:05:43.640+0000] {logging_mixin.py:188} INFO - [2026-06-12T11:05:43.640+0000] {dag.py:3033} INFO - Sync 1 DAGs
[2026-06-12T11:05:43.654+0000] {logging_mixin.py:188} INFO - [2026-06-12T11:05:43.654+0000] {dag.py:3055} INFO - Creating ORM DAG for edtech_analytics
[2026-06-12T11:05:43.666+0000] {logging_mixin.py:188} INFO - [2026-06-12T11:05:43.666+0000] {dag.py:3820} INFO - Setting next_dagrun for edtech_analytics to 2026-06-11T00:00:00+00:00, run_after=2026-06-12T00:00:00+00:00
[2026-06-12T11:05:43.687+0000] {processor.py:183} INFO - Processing /opt/airflow/dags/edtech_dag.py took 0.590 seconds
[2026-06-12T11:06:13.837+0000] {processor.py:161} INFO - Started process (PID=184) to work on /opt/airflow/dags/edtech_dag.py
[2026-06-12T11:06:13.838+0000] {processor.py:830} INFO - Processing file /opt/airflow/dags/edtech_dag.py for tasks to queue
[2026-06-12T11:06:13.839+0000] {logging_mixin.py:188} INFO - [2026-06-12T11:06:13.839+0000] {dagbag.py:538} INFO - Filling up the DagBag from /opt/airflow/dags/edtech_dag.py
[2026-06-12T11:06:13.855+0000] {processor.py:840} INFO - DAG(s) 'edtech_analytics' retrieved from /opt/airflow/dags/edtech_dag.py
[2026-06-12T11:06:13.884+0000] {logging_mixin.py:188} INFO - [2026-06-12T11:06:13.883+0000] {dag.py:3033} INFO - Sync 1 DAGs
[2026-06-12T11:06:13.902+0000] {logging_mixin.py:188} INFO - [2026-06-12T11:06:13.902+0000] {dag.py:3820} INFO - Setting next_dagrun for edtech_analytics to 2026-06-11T00:00:00+00:00, run_after=2026-06-12T00:00:00+00:00
[2026-06-12T11:06:13.928+0000] {processor.py:183} INFO - Processing /opt/airflow/dags/edtech_dag.py took 0.094 seconds
[2026-06-12T11:06:43.970+0000] {processor.py:161} INFO - Started process (PID=189) to work on /opt/airflow/dags/edtech_dag.py
[2026-06-12T11:06:43.970+0000] {processor.py:830} INFO - Processing file /opt/airflow/dags/edtech_dag.py for tasks to queue
[2026-06-12T11:06:43.971+0000] {logging_mixin.py:188} INFO - [2026-06-12T11:06:43.971+0000] {dagbag.py:538} INFO - Filling up the DagBag from /opt/airflow/dags/edtech_dag.py
[2026-06-12T11:06:43.982+0000] {processor.py:840} INFO - DAG(s) 'edtech_analytics' retrieved from /opt/airflow/dags/edtech_dag.py
[2026-06-12T11:06:44.005+0000] {logging_mixin.py:188} INFO - [2026-06-12T11:06:44.004+0000] {dag.py:3033} INFO - Sync 1 DAGs
[2026-06-12T11:06:44.028+0000] {logging_mixin.py:188} INFO - [2026-06-12T11:06:44.028+0000] {dag.py:3820} INFO - Setting next_dagrun for edtech_analytics to 2026-06-11T00:00:00+00:00, run_after=2026-06-12T00:00:00+00:00
[2026-06-12T11:06:44.046+0000] {processor.py:183} INFO - Processing /opt/airflow/dags/edtech_dag.py took 0.079 seconds
[2026-06-12T11:07:14.171+0000] {processor.py:161} INFO - Started process (PID=194) to work on /opt/airflow/dags/edtech_dag.py
[2026-06-12T11:07:14.172+0000] {processor.py:830} INFO - Processing file /opt/airflow/dags/edtech_dag.py for tasks to queue
[2026-06-12T11:07:14.172+0000] {logging_mixin.py:188} INFO - [2026-06-12T11:07:14.172+0000] {dagbag.py:538} INFO - Filling up the DagBag from /opt/airflow/dags/edtech_dag.py
[2026-06-12T11:07:14.187+0000] {processor.py:840} INFO - DAG(s) 'edtech_analytics' retrieved from /opt/airflow/dags/edtech_dag.py
[2026-06-12T11:07:14.214+0000] {logging_mixin.py:188} INFO - [2026-06-12T11:07:14.214+0000] {dag.py:3033} INFO - Sync 1 DAGs
[2026-06-12T11:07:14.235+0000] {logging_mixin.py:188} INFO - [2026-06-12T11:07:14.235+0000] {dag.py:3820} INFO - Setting next_dagrun for edtech_analytics to 2026-06-11T00:00:00+00:00, run_after=2026-06-12T00:00:00+00:00
[2026-06-12T11:07:14.251+0000] {processor.py:183} INFO - Processing /opt/airflow/dags/edtech_dag.py took 0.083 seconds
[2026-06-12T11:07:44.284+0000] {processor.py:161} INFO - Started process (PID=199) to work on /opt/airflow/dags/edtech_dag.py
[2026-06-12T11:07:44.285+0000] {processor.py:830} INFO - Processing file /opt/airflow/dags/edtech_dag.py for tasks to queue
[2026-06-12T11:07:44.286+0000] {logging_mixin.py:188} INFO - [2026-06-12T11:07:44.285+0000] {dagbag.py:538} INFO - Filling up the DagBag from /opt/airflow/dags/edtech_dag.py
[2026-06-12T11:07:44.296+0000] {processor.py:840} INFO - DAG(s) 'edtech_analytics' retrieved from /opt/airflow/dags/edtech_dag.py
[2026-06-12T11:07:44.321+0000] {logging_mixin.py:188} INFO - [2026-06-12T11:07:44.321+0000] {dag.py:3033} INFO - Sync 1 DAGs
[2026-06-12T11:07:44.342+0000] {logging_mixin.py:188} INFO - [2026-06-12T11:07:44.342+0000] {dag.py:3820} INFO - Setting next_dagrun for edtech_analytics to 2026-06-11T00:00:00+00:00, run_after=2026-06-12T00:00:00+00:00
[2026-06-12T11:07:44.356+0000] {processor.py:183} INFO - Processing /opt/airflow/dags/edtech_dag.py took 0.075 seconds
[2026-06-12T11:08:14.479+0000] {processor.py:161} INFO - Started process (PID=204) to work on /opt/airflow/dags/edtech_dag.py
[2026-06-12T11:08:14.480+0000] {processor.py:830} INFO - Processing file /opt/airflow/dags/edtech_dag.py for tasks to queue
[2026-06-12T11:08:14.481+0000] {logging_mixin.py:188} INFO - [2026-06-12T11:08:14.480+0000] {dagbag.py:538} INFO - Filling up the DagBag from /opt/airflow/dags/edtech_dag.py
[2026-06-12T11:08:14.496+0000] {processor.py:840} INFO - DAG(s) 'edtech_analytics' retrieved from /opt/airflow/dags/edtech_dag.py
[2026-06-12T11:08:14.538+0000] {logging_mixin.py:188} INFO - [2026-06-12T11:08:14.538+0000] {dag.py:3033} INFO - Sync 1 DAGs
[2026-06-12T11:08:14.556+0000] {logging_mixin.py:188} INFO - [2026-06-12T11:08:14.556+0000] {dag.py:3820} INFO - Setting next_dagrun for edtech_analytics to 2026-06-11T00:00:00+00:00, run_after=2026-06-12T00:00:00+00:00
[2026-06-12T11:08:14.572+0000] {processor.py:183} INFO - Processing /opt/airflow/dags/edtech_dag.py took 0.100 seconds
[2026-06-12T11:08:44.603+0000] {processor.py:161} INFO - Started process (PID=209) to work on /opt/airflow/dags/edtech_dag.py
[2026-06-12T11:08:44.604+0000] {processor.py:830} INFO - Processing file /opt/airflow/dags/edtech_dag.py for tasks to queue
[2026-06-12T11:08:44.604+0000] {logging_mixin.py:188} INFO - [2026-06-12T11:08:44.604+0000] {dagbag.py:538} INFO - Filling up the DagBag from /opt/airflow/dags/edtech_dag.py
[2026-06-12T11:08:44.616+0000] {processor.py:840} INFO - DAG(s) 'edtech_analytics' retrieved from /opt/airflow/dags/edtech_dag.py
[2026-06-12T11:08:44.642+0000] {logging_mixin.py:188} INFO - [2026-06-12T11:08:44.642+0000] {dag.py:3033} INFO - Sync 1 DAGs
[2026-06-12T11:08:44.664+0000] {logging_mixin.py:188} INFO - [2026-06-12T11:08:44.664+0000] {dag.py:3820} INFO - Setting next_dagrun for edtech_analytics to 2026-06-11T00:00:00+00:00, run_after=2026-06-12T00:00:00+00:00
[2026-06-12T11:08:44.681+0000] {processor.py:183} INFO - Processing /opt/airflow/dags/edtech_dag.py took 0.082 seconds
[2026-06-12T11:09:14.797+0000] {processor.py:161} INFO - Started process (PID=214) to work on /opt/airflow/dags/edtech_dag.py
[2026-06-12T11:09:14.797+0000] {processor.py:830} INFO - Processing file /opt/airflow/dags/edtech_dag.py for tasks to queue
[2026-06-12T11:09:14.798+0000] {logging_mixin.py:188} INFO - [2026-06-12T11:09:14.798+0000] {dagbag.py:538} INFO - Filling up the DagBag from /opt/airflow/dags/edtech_dag.py
[2026-06-12T11:09:14.809+0000] {processor.py:840} INFO - DAG(s) 'edtech_analytics' retrieved from /opt/airflow/dags/edtech_dag.py
[2026-06-12T11:09:14.831+0000] {logging_mixin.py:188} INFO - [2026-06-12T11:09:14.831+0000] {dag.py:3033} INFO - Sync 1 DAGs
[2026-06-12T11:09:14.849+0000] {logging_mixin.py:188} INFO - [2026-06-12T11:09:14.849+0000] {dag.py:3820} INFO - Setting next_dagrun for edtech_analytics to 2026-06-11T00:00:00+00:00, run_after=2026-06-12T00:00:00+00:00
[2026-06-12T11:09:14.874+0000] {processor.py:183} INFO - Processing /opt/airflow/dags/edtech_dag.py took 0.080 seconds
[2026-06-12T11:09:44.918+0000] {processor.py:161} INFO - Started process (PID=219) to work on /opt/airflow/dags/edtech_dag.py
[2026-06-12T11:09:44.919+0000] {processor.py:830} INFO - Processing file /opt/airflow/dags/edtech_dag.py for tasks to queue
[2026-06-12T11:09:44.920+0000] {logging_mixin.py:188} INFO - [2026-06-12T11:09:44.919+0000] {dagbag.py:538} INFO - Filling up the DagBag from /opt/airflow/dags/edtech_dag.py
[2026-06-12T11:09:44.933+0000] {processor.py:840} INFO - DAG(s) 'edtech_analytics' retrieved from /opt/airflow/dags/edtech_dag.py
[2026-06-12T11:09:44.955+0000] {logging_mixin.py:188} INFO - [2026-06-12T11:09:44.955+0000] {dag.py:3033} INFO - Sync 1 DAGs
[2026-06-12T11:09:44.974+0000] {logging_mixin.py:188} INFO - [2026-06-12T11:09:44.974+0000] {dag.py:3820} INFO - Setting next_dagrun for edtech_analytics to 2026-06-11T00:00:00+00:00, run_after=2026-06-12T00:00:00+00:00
[2026-06-12T11:09:44.988+0000] {processor.py:183} INFO - Processing /opt/airflow/dags/edtech_dag.py took 0.073 seconds
[2026-06-12T11:10:15.121+0000] {processor.py:161} INFO - Started process (PID=224) to work on /opt/airflow/dags/edtech_dag.py
[2026-06-12T11:10:15.122+0000] {processor.py:830} INFO - Processing file /opt/airflow/dags/edtech_dag.py for tasks to queue
[2026-06-12T11:10:15.123+0000] {logging_mixin.py:188} INFO - [2026-06-12T11:10:15.122+0000] {dagbag.py:538} INFO - Filling up the DagBag from /opt/airflow/dags/edtech_dag.py
[2026-06-12T11:10:15.134+0000] {processor.py:840} INFO - DAG(s) 'edtech_analytics' retrieved from /opt/airflow/dags/edtech_dag.py
[2026-06-12T11:10:15.154+0000] {logging_mixin.py:188} INFO - [2026-06-12T11:10:15.154+0000] {dag.py:3033} INFO - Sync 1 DAGs
[2026-06-12T11:10:15.172+0000] {logging_mixin.py:188} INFO - [2026-06-12T11:10:15.172+0000] {dag.py:3820} INFO - Setting next_dagrun for edtech_analytics to 2026-06-11T00:00:00+00:00, run_after=2026-06-12T00:00:00+00:00
[2026-06-12T11:10:15.185+0000] {processor.py:183} INFO - Processing /opt/airflow/dags/edtech_dag.py took 0.068 seconds
[2026-06-12T11:10:45.253+0000] {processor.py:161} INFO - Started process (PID=229) to work on /opt/airflow/dags/edtech_dag.py
[2026-06-12T11:10:45.254+0000] {processor.py:830} INFO - Processing file /opt/airflow/dags/edtech_dag.py for tasks to queue
[2026-06-12T11:10:45.254+0000] {logging_mixin.py:188} INFO - [2026-06-12T11:10:45.254+0000] {dagbag.py:538} INFO - Filling up the DagBag from /opt/airflow/dags/edtech_dag.py
[2026-06-12T11:10:45.265+0000] {processor.py:840} INFO - DAG(s) 'edtech_analytics' retrieved from /opt/airflow/dags/edtech_dag.py
[2026-06-12T11:10:45.288+0000] {logging_mixin.py:188} INFO - [2026-06-12T11:10:45.288+0000] {dag.py:3033} INFO - Sync 1 DAGs
[2026-06-12T11:10:45.312+0000] {logging_mixin.py:188} INFO - [2026-06-12T11:10:45.311+0000] {dag.py:3820} INFO - Setting next_dagrun for edtech_analytics to 2026-06-11T00:00:00+00:00, run_after=2026-06-12T00:00:00+00:00
[2026-06-12T11:10:45.329+0000] {processor.py:183} INFO - Processing /opt/airflow/dags/edtech_dag.py took 0.079 seconds
[2026-06-12T11:11:15.424+0000] {processor.py:161} INFO - Started process (PID=234) to work on /opt/airflow/dags/edtech_dag.py
[2026-06-12T11:11:15.425+0000] {processor.py:830} INFO - Processing file /opt/airflow/dags/edtech_dag.py for tasks to queue
[2026-06-12T11:11:15.425+0000] {logging_mixin.py:188} INFO - [2026-06-12T11:11:15.425+0000] {dagbag.py:538} INFO - Filling up the DagBag from /opt/airflow/dags/edtech_dag.py
[2026-06-12T11:11:15.436+0000] {processor.py:840} INFO - DAG(s) 'edtech_analytics' retrieved from /opt/airflow/dags/edtech_dag.py
[2026-06-12T11:11:15.459+0000] {logging_mixin.py:188} INFO - [2026-06-12T11:11:15.458+0000] {dag.py:3033} INFO - Sync 1 DAGs
[2026-06-12T11:11:15.478+0000] {logging_mixin.py:188} INFO - [2026-06-12T11:11:15.478+0000] {dag.py:3820} INFO - Setting next_dagrun for edtech_analytics to 2026-06-11T00:00:00+00:00, run_after=2026-06-12T00:00:00+00:00
[2026-06-12T11:11:15.491+0000] {processor.py:183} INFO - Processing /opt/airflow/dags/edtech_dag.py took 0.071 seconds
[2026-06-12T11:11:45.551+0000] {processor.py:161} INFO - Started process (PID=239) to work on /opt/airflow/dags/edtech_dag.py
[2026-06-12T11:11:45.551+0000] {processor.py:830} INFO - Processing file /opt/airflow/dags/edtech_dag.py for tasks to queue
[2026-06-12T11:11:45.552+0000] {logging_mixin.py:188} INFO - [2026-06-12T11:11:45.552+0000] {dagbag.py:538} INFO - Filling up the DagBag from /opt/airflow/dags/edtech_dag.py
[2026-06-12T11:11:45.564+0000] {processor.py:840} INFO - DAG(s) 'edtech_analytics' retrieved from /opt/airflow/dags/edtech_dag.py
[2026-06-12T11:11:45.589+0000] {logging_mixin.py:188} INFO - [2026-06-12T11:11:45.588+0000] {dag.py:3033} INFO - Sync 1 DAGs
[2026-06-12T11:11:45.613+0000] {logging_mixin.py:188} INFO - [2026-06-12T11:11:45.613+0000] {dag.py:3820} INFO - Setting next_dagrun for edtech_analytics to 2026-06-11T00:00:00+00:00, run_after=2026-06-12T00:00:00+00:00
[2026-06-12T11:11:45.630+0000] {processor.py:183} INFO - Processing /opt/airflow/dags/edtech_dag.py took 0.082 seconds
[2026-06-12T11:12:15.728+0000] {processor.py:161} INFO - Started process (PID=244) to work on /opt/airflow/dags/edtech_dag.py
[2026-06-12T11:12:15.729+0000] {processor.py:830} INFO - Processing file /opt/airflow/dags/edtech_dag.py for tasks to queue
[2026-06-12T11:12:15.730+0000] {logging_mixin.py:188} INFO - [2026-06-12T11:12:15.729+0000] {dagbag.py:538} INFO - Filling up the DagBag from /opt/airflow/dags/edtech_dag.py
[2026-06-12T11:12:15.740+0000] {processor.py:840} INFO - DAG(s) 'edtech_analytics' retrieved from /opt/airflow/dags/edtech_dag.py
[2026-06-12T11:12:15.760+0000] {logging_mixin.py:188} INFO - [2026-06-12T11:12:15.760+0000] {dag.py:3033} INFO - Sync 1 DAGs
[2026-06-12T11:12:15.777+0000] {logging_mixin.py:188} INFO - [2026-06-12T11:12:15.777+0000] {dag.py:3820} INFO - Setting next_dagrun for edtech_analytics to 2026-06-11T00:00:00+00:00, run_after=2026-06-12T00:00:00+00:00
[2026-06-12T11:12:15.790+0000] {processor.py:183} INFO - Processing /opt/airflow/dags/edtech_dag.py took 0.065 seconds
[2026-06-12T11:12:45.857+0000] {processor.py:161} INFO - Started process (PID=249) to work on /opt/airflow/dags/edtech_dag.py
[2026-06-12T11:12:45.857+0000] {processor.py:830} INFO - Processing file /opt/airflow/dags/edtech_dag.py for tasks to queue
[2026-06-12T11:12:45.858+0000] {logging_mixin.py:188} INFO - [2026-06-12T11:12:45.857+0000] {dagbag.py:538} INFO - Filling up the DagBag from /opt/airflow/dags/edtech_dag.py
[2026-06-12T11:12:45.868+0000] {processor.py:840} INFO - DAG(s) 'edtech_analytics' retrieved from /opt/airflow/dags/edtech_dag.py
[2026-06-12T11:12:45.896+0000] {logging_mixin.py:188} INFO - [2026-06-12T11:12:45.895+0000] {dag.py:3033} INFO - Sync 1 DAGs
[2026-06-12T11:12:45.919+0000] {logging_mixin.py:188} INFO - [2026-06-12T11:12:45.918+0000] {dag.py:3820} INFO - Setting next_dagrun for edtech_analytics to 2026-06-11T00:00:00+00:00, run_after=2026-06-12T00:00:00+00:00
[2026-06-12T11:12:45.936+0000] {processor.py:183} INFO - Processing /opt/airflow/dags/edtech_dag.py took 0.083 seconds
[2026-06-12T11:13:16.019+0000] {processor.py:161} INFO - Started process (PID=254) to work on /opt/airflow/dags/edtech_dag.py
[2026-06-12T11:13:16.019+0000] {processor.py:830} INFO - Processing file /opt/airflow/dags/edtech_dag.py for tasks to queue
[2026-06-12T11:13:16.020+0000] {logging_mixin.py:188} INFO - [2026-06-12T11:13:16.020+0000] {dagbag.py:538} INFO - Filling up the DagBag from /opt/airflow/dags/edtech_dag.py
[2026-06-12T11:13:16.036+0000] {processor.py:840} INFO - DAG(s) 'edtech_analytics' retrieved from /opt/airflow/dags/edtech_dag.py
[2026-06-12T11:13:16.059+0000] {logging_mixin.py:188} INFO - [2026-06-12T11:13:16.059+0000] {dag.py:3033} INFO - Sync 1 DAGs
[2026-06-12T11:13:16.079+0000] {logging_mixin.py:188} INFO - [2026-06-12T11:13:16.079+0000] {dag.py:3820} INFO - Setting next_dagrun for edtech_analytics to 2026-06-11T00:00:00+00:00, run_after=2026-06-12T00:00:00+00:00
[2026-06-12T11:13:16.094+0000] {processor.py:183} INFO - Processing /opt/airflow/dags/edtech_dag.py took 0.079 seconds
[2026-06-12T11:13:46.160+0000] {processor.py:161} INFO - Started process (PID=259) to work on /opt/airflow/dags/edtech_dag.py
[2026-06-12T11:13:46.161+0000] {processor.py:830} INFO - Processing file /opt/airflow/dags/edtech_dag.py for tasks to queue
[2026-06-12T11:13:46.161+0000] {logging_mixin.py:188} INFO - [2026-06-12T11:13:46.161+0000] {dagbag.py:538} INFO - Filling up the DagBag from /opt/airflow/dags/edtech_dag.py
[2026-06-12T11:13:46.171+0000] {processor.py:840} INFO - DAG(s) 'edtech_analytics' retrieved from /opt/airflow/dags/edtech_dag.py
[2026-06-12T11:13:46.193+0000] {logging_mixin.py:188} INFO - [2026-06-12T11:13:46.193+0000] {dag.py:3033} INFO - Sync 1 DAGs
[2026-06-12T11:13:46.217+0000] {logging_mixin.py:188} INFO - [2026-06-12T11:13:46.216+0000] {dag.py:3820} INFO - Setting next_dagrun for edtech_analytics to 2026-06-11T00:00:00+00:00, run_after=2026-06-12T00:00:00+00:00
[2026-06-12T11:13:46.230+0000] {processor.py:183} INFO - Processing /opt/airflow/dags/edtech_dag.py took 0.073 seconds
[2026-06-12T11:14:16.326+0000] {processor.py:161} INFO - Started process (PID=264) to work on /opt/airflow/dags/edtech_dag.py
[2026-06-12T11:14:16.327+0000] {processor.py:830} INFO - Processing file /opt/airflow/dags/edtech_dag.py for tasks to queue
[2026-06-12T11:14:16.328+0000] {logging_mixin.py:188} INFO - [2026-06-12T11:14:16.327+0000] {dagbag.py:538} INFO - Filling up the DagBag from /opt/airflow/dags/edtech_dag.py
[2026-06-12T11:14:16.338+0000] {processor.py:840} INFO - DAG(s) 'edtech_analytics' retrieved from /opt/airflow/dags/edtech_dag.py
[2026-06-12T11:14:16.359+0000] {logging_mixin.py:188} INFO - [2026-06-12T11:14:16.359+0000] {dag.py:3033} INFO - Sync 1 DAGs
[2026-06-12T11:14:16.377+0000] {logging_mixin.py:188} INFO - [2026-06-12T11:14:16.377+0000] {dag.py:3820} INFO - Setting next_dagrun for edtech_analytics to 2026-06-11T00:00:00+00:00, run_after=2026-06-12T00:00:00+00:00
[2026-06-12T11:14:16.390+0000] {processor.py:183} INFO - Processing /opt/airflow/dags/edtech_dag.py took 0.068 seconds
[2026-06-12T11:14:46.466+0000] {processor.py:161} INFO - Started process (PID=269) to work on /opt/airflow/dags/edtech_dag.py
[2026-06-12T11:14:46.467+0000] {processor.py:830} INFO - Processing file /opt/airflow/dags/edtech_dag.py for tasks to queue
[2026-06-12T11:14:46.468+0000] {logging_mixin.py:188} INFO - [2026-06-12T11:14:46.467+0000] {dagbag.py:538} INFO - Filling up the DagBag from /opt/airflow/dags/edtech_dag.py
[2026-06-12T11:14:46.489+0000] {processor.py:840} INFO - DAG(s) 'edtech_analytics' retrieved from /opt/airflow/dags/edtech_dag.py
[2026-06-12T11:14:46.538+0000] {logging_mixin.py:188} INFO - [2026-06-12T11:14:46.538+0000] {dag.py:3033} INFO - Sync 1 DAGs
[2026-06-12T11:14:46.578+0000] {logging_mixin.py:188} INFO - [2026-06-12T11:14:46.577+0000] {dag.py:3820} INFO - Setting next_dagrun for edtech_analytics to 2026-06-11T00:00:00+00:00, run_after=2026-06-12T00:00:00+00:00
[2026-06-12T11:14:46.598+0000] {processor.py:183} INFO - Processing /opt/airflow/dags/edtech_dag.py took 0.136 seconds
[2026-06-12T11:15:16.743+0000] {processor.py:161} INFO - Started process (PID=274) to work on /opt/airflow/dags/edtech_dag.py
[2026-06-12T11:15:16.743+0000] {processor.py:830} INFO - Processing file /opt/airflow/dags/edtech_dag.py for tasks to queue
[2026-06-12T11:15:16.744+0000] {logging_mixin.py:188} INFO - [2026-06-12T11:15:16.744+0000] {dagbag.py:538} INFO - Filling up the DagBag from /opt/airflow/dags/edtech_dag.py
[2026-06-12T11:15:16.759+0000] {processor.py:840} INFO - DAG(s) 'edtech_analytics' retrieved from /opt/airflow/dags/edtech_dag.py
[2026-06-12T11:15:16.785+0000] {logging_mixin.py:188} INFO - [2026-06-12T11:15:16.785+0000] {dag.py:3033} INFO - Sync 1 DAGs
[2026-06-12T11:15:16.804+0000] {logging_mixin.py:188} INFO - [2026-06-12T11:15:16.804+0000] {dag.py:3820} INFO - Setting next_dagrun for edtech_analytics to 2026-06-11T00:00:00+00:00, run_after=2026-06-12T00:00:00+00:00
[2026-06-12T11:15:16.817+0000] {processor.py:183} INFO - Processing /opt/airflow/dags/edtech_dag.py took 0.079 seconds
[2026-06-12T11:15:46.859+0000] {processor.py:161} INFO - Started process (PID=279) to work on /opt/airflow/dags/edtech_dag.py
[2026-06-12T11:15:46.860+0000] {processor.py:830} INFO - Processing file /opt/airflow/dags/edtech_dag.py for tasks to queue
[2026-06-12T11:15:46.860+0000] {logging_mixin.py:188} INFO - [2026-06-12T11:15:46.860+0000] {dagbag.py:538} INFO - Filling up the DagBag from /opt/airflow/dags/edtech_dag.py
[2026-06-12T11:15:46.871+0000] {processor.py:840} INFO - DAG(s) 'edtech_analytics' retrieved from /opt/airflow/dags/edtech_dag.py
[2026-06-12T11:15:46.892+0000] {logging_mixin.py:188} INFO - [2026-06-12T11:15:46.892+0000] {dag.py:3033} INFO - Sync 1 DAGs
[2026-06-12T11:15:46.912+0000] {logging_mixin.py:188} INFO - [2026-06-12T11:15:46.912+0000] {dag.py:3820} INFO - Setting next_dagrun for edtech_analytics to 2026-06-11T00:00:00+00:00, run_after=2026-06-12T00:00:00+00:00
[2026-06-12T11:15:46.930+0000] {processor.py:183} INFO - Processing /opt/airflow/dags/edtech_dag.py took 0.074 seconds
[2026-06-12T11:16:17.049+0000] {processor.py:161} INFO - Started process (PID=284) to work on /opt/airflow/dags/edtech_dag.py
[2026-06-12T11:16:17.049+0000] {processor.py:830} INFO - Processing file /opt/airflow/dags/edtech_dag.py for tasks to queue
[2026-06-12T11:16:17.050+0000] {logging_mixin.py:188} INFO - [2026-06-12T11:16:17.050+0000] {dagbag.py:538} INFO - Filling up the DagBag from /opt/airflow/dags/edtech_dag.py
[2026-06-12T11:16:17.061+0000] {processor.py:840} INFO - DAG(s) 'edtech_analytics' retrieved from /opt/airflow/dags/edtech_dag.py
[2026-06-12T11:16:17.081+0000] {logging_mixin.py:188} INFO - [2026-06-12T11:16:17.081+0000] {dag.py:3033} INFO - Sync 1 DAGs
[2026-06-12T11:16:17.099+0000] {logging_mixin.py:188} INFO - [2026-06-12T11:16:17.099+0000] {dag.py:3820} INFO - Setting next_dagrun for edtech_analytics to 2026-06-11T00:00:00+00:00, run_after=2026-06-12T00:00:00+00:00
[2026-06-12T11:16:17.119+0000] {processor.py:183} INFO - Processing /opt/airflow/dags/edtech_dag.py took 0.073 seconds
[2026-06-12T11:16:47.169+0000] {processor.py:161} INFO - Started process (PID=289) to work on /opt/airflow/dags/edtech_dag.py
[2026-06-12T11:16:47.170+0000] {processor.py:830} INFO - Processing file /opt/airflow/dags/edtech_dag.py for tasks to queue
[2026-06-12T11:16:47.171+0000] {logging_mixin.py:188} INFO - [2026-06-12T11:16:47.170+0000] {dagbag.py:538} INFO - Filling up the DagBag from /opt/airflow/dags/edtech_dag.py
[2026-06-12T11:16:47.181+0000] {processor.py:840} INFO - DAG(s) 'edtech_analytics' retrieved from /opt/airflow/dags/edtech_dag.py
[2026-06-12T11:16:47.207+0000] {logging_mixin.py:188} INFO - [2026-06-12T11:16:47.207+0000] {dag.py:3033} INFO - Sync 1 DAGs
[2026-06-12T11:16:47.227+0000] {logging_mixin.py:188} INFO - [2026-06-12T11:16:47.227+0000] {dag.py:3820} INFO - Setting next_dagrun for edtech_analytics to 2026-06-11T00:00:00+00:00, run_after=2026-06-12T00:00:00+00:00
[2026-06-12T11:16:47.250+0000] {processor.py:183} INFO - Processing /opt/airflow/dags/edtech_dag.py took 0.083 seconds
[2026-06-12T11:17:17.353+0000] {processor.py:161} INFO - Started process (PID=294) to work on /opt/airflow/dags/edtech_dag.py
[2026-06-12T11:17:17.353+0000] {processor.py:830} INFO - Processing file /opt/airflow/dags/edtech_dag.py for tasks to queue
[2026-06-12T11:17:17.354+0000] {logging_mixin.py:188} INFO - [2026-06-12T11:17:17.354+0000] {dagbag.py:538} INFO - Filling up the DagBag from /opt/airflow/dags/edtech_dag.py
[2026-06-12T11:17:17.365+0000] {processor.py:840} INFO - DAG(s) 'edtech_analytics' retrieved from /opt/airflow/dags/edtech_dag.py
[2026-06-12T11:17:17.385+0000] {logging_mixin.py:188} INFO - [2026-06-12T11:17:17.385+0000] {dag.py:3033} INFO - Sync 1 DAGs
[2026-06-12T11:17:17.421+0000] {logging_mixin.py:188} INFO - [2026-06-12T11:17:17.421+0000] {dag.py:3820} INFO - Setting next_dagrun for edtech_analytics to 2026-06-11T00:00:00+00:00, run_after=2026-06-12T00:00:00+00:00
[2026-06-12T11:17:17.443+0000] {processor.py:183} INFO - Processing /opt/airflow/dags/edtech_dag.py took 0.094 seconds
[2026-06-12T11:17:47.481+0000] {processor.py:161} INFO - Started process (PID=307) to work on /opt/airflow/dags/edtech_dag.py
[2026-06-12T11:17:47.482+0000] {processor.py:830} INFO - Processing file /opt/airflow/dags/edtech_dag.py for tasks to queue
[2026-06-12T11:17:47.483+0000] {logging_mixin.py:188} INFO - [2026-06-12T11:17:47.483+0000] {dagbag.py:538} INFO - Filling up the DagBag from /opt/airflow/dags/edtech_dag.py
[2026-06-12T11:17:47.495+0000] {processor.py:840} INFO - DAG(s) 'edtech_analytics' retrieved from /opt/airflow/dags/edtech_dag.py
[2026-06-12T11:17:47.521+0000] {logging_mixin.py:188} INFO - [2026-06-12T11:17:47.521+0000] {dag.py:3033} INFO - Sync 1 DAGs
[2026-06-12T11:17:47.548+0000] {logging_mixin.py:188} INFO - [2026-06-12T11:17:47.547+0000] {dag.py:3820} INFO - Setting next_dagrun for edtech_analytics to 2026-06-12T00:00:00+00:00, run_after=2026-06-13T00:00:00+00:00
[2026-06-12T11:17:47.566+0000] {processor.py:183} INFO - Processing /opt/airflow/dags/edtech_dag.py took 0.088 seconds
[2026-06-12T11:18:17.690+0000] {processor.py:161} INFO - Started process (PID=312) to work on /opt/airflow/dags/edtech_dag.py
[2026-06-12T11:18:17.690+0000] {processor.py:830} INFO - Processing file /opt/airflow/dags/edtech_dag.py for tasks to queue
[2026-06-12T11:18:17.691+0000] {logging_mixin.py:188} INFO - [2026-06-12T11:18:17.691+0000] {dagbag.py:538} INFO - Filling up the DagBag from /opt/airflow/dags/edtech_dag.py
[2026-06-12T11:18:17.702+0000] {processor.py:840} INFO - DAG(s) 'edtech_analytics' retrieved from /opt/airflow/dags/edtech_dag.py
[2026-06-12T11:18:17.731+0000] {logging_mixin.py:188} INFO - [2026-06-12T11:18:17.730+0000] {dag.py:3033} INFO - Sync 1 DAGs
[2026-06-12T11:18:17.751+0000] {logging_mixin.py:188} INFO - [2026-06-12T11:18:17.751+0000] {dag.py:3820} INFO - Setting next_dagrun for edtech_analytics to 2026-06-12T00:00:00+00:00, run_after=2026-06-13T00:00:00+00:00
[2026-06-12T11:18:17.767+0000] {processor.py:183} INFO - Processing /opt/airflow/dags/edtech_dag.py took 0.081 seconds
[2026-06-12T11:18:47.824+0000] {processor.py:161} INFO - Started process (PID=317) to work on /opt/airflow/dags/edtech_dag.py
[2026-06-12T11:18:47.825+0000] {processor.py:830} INFO - Processing file /opt/airflow/dags/edtech_dag.py for tasks to queue
[2026-06-12T11:18:47.826+0000] {logging_mixin.py:188} INFO - [2026-06-12T11:18:47.825+0000] {dagbag.py:538} INFO - Filling up the DagBag from /opt/airflow/dags/edtech_dag.py
[2026-06-12T11:18:47.837+0000] {processor.py:840} INFO - DAG(s) 'edtech_analytics' retrieved from /opt/airflow/dags/edtech_dag.py
[2026-06-12T11:18:47.859+0000] {logging_mixin.py:188} INFO - [2026-06-12T11:18:47.859+0000] {dag.py:3033} INFO - Sync 1 DAGs
[2026-06-12T11:18:47.879+0000] {logging_mixin.py:188} INFO - [2026-06-12T11:18:47.879+0000] {dag.py:3820} INFO - Setting next_dagrun for edtech_analytics to 2026-06-12T00:00:00+00:00, run_after=2026-06-13T00:00:00+00:00
[2026-06-12T11:18:47.896+0000] {processor.py:183} INFO - Processing /opt/airflow/dags/edtech_dag.py took 0.075 seconds
[2026-06-12T11:19:18.008+0000] {processor.py:161} INFO - Started process (PID=322) to work on /opt/airflow/dags/edtech_dag.py
[2026-06-12T11:19:18.009+0000] {processor.py:830} INFO - Processing file /opt/airflow/dags/edtech_dag.py for tasks to queue
[2026-06-12T11:19:18.010+0000] {logging_mixin.py:188} INFO - [2026-06-12T11:19:18.010+0000] {dagbag.py:538} INFO - Filling up the DagBag from /opt/airflow/dags/edtech_dag.py
[2026-06-12T11:19:18.024+0000] {processor.py:840} INFO - DAG(s) 'edtech_analytics' retrieved from /opt/airflow/dags/edtech_dag.py
[2026-06-12T11:19:18.046+0000] {logging_mixin.py:188} INFO - [2026-06-12T11:19:18.046+0000] {dag.py:3033} INFO - Sync 1 DAGs
[2026-06-12T11:19:18.065+0000] {logging_mixin.py:188} INFO - [2026-06-12T11:19:18.065+0000] {dag.py:3820} INFO - Setting next_dagrun for edtech_analytics to 2026-06-12T00:00:00+00:00, run_after=2026-06-13T00:00:00+00:00
[2026-06-12T11:19:18.078+0000] {processor.py:183} INFO - Processing /opt/airflow/dags/edtech_dag.py took 0.074 seconds
[2026-06-12T11:19:48.129+0000] {processor.py:161} INFO - Started process (PID=327) to work on /opt/airflow/dags/edtech_dag.py
[2026-06-12T11:19:48.130+0000] {processor.py:830} INFO - Processing file /opt/airflow/dags/edtech_dag.py for tasks to queue
[2026-06-12T11:19:48.131+0000] {logging_mixin.py:188} INFO - [2026-06-12T11:19:48.131+0000] {dagbag.py:538} INFO - Filling up the DagBag from /opt/airflow/dags/edtech_dag.py
[2026-06-12T11:19:48.142+0000] {processor.py:840} INFO - DAG(s) 'edtech_analytics' retrieved from /opt/airflow/dags/edtech_dag.py
[2026-06-12T11:19:48.165+0000] {logging_mixin.py:188} INFO - [2026-06-12T11:19:48.165+0000] {dag.py:3033} INFO - Sync 1 DAGs
[2026-06-12T11:19:48.189+0000] {logging_mixin.py:188} INFO - [2026-06-12T11:19:48.189+0000] {dag.py:3820} INFO - Setting next_dagrun for edtech_analytics to 2026-06-12T00:00:00+00:00, run_after=2026-06-13T00:00:00+00:00
[2026-06-12T11:19:48.214+0000] {processor.py:183} INFO - Processing /opt/airflow/dags/edtech_dag.py took 0.088 seconds
[2026-06-12T11:20:18.320+0000] {processor.py:161} INFO - Started process (PID=332) to work on /opt/airflow/dags/edtech_dag.py
[2026-06-12T11:20:18.323+0000] {processor.py:830} INFO - Processing file /opt/airflow/dags/edtech_dag.py for tasks to queue
[2026-06-12T11:20:18.325+0000] {logging_mixin.py:188} INFO - [2026-06-12T11:20:18.323+0000] {dagbag.py:538} INFO - Filling up the DagBag from /opt/airflow/dags/edtech_dag.py
[2026-06-12T11:20:18.341+0000] {processor.py:840} INFO - DAG(s) 'edtech_analytics' retrieved from /opt/airflow/dags/edtech_dag.py
[2026-06-12T11:20:18.377+0000] {logging_mixin.py:188} INFO - [2026-06-12T11:20:18.376+0000] {dag.py:3033} INFO - Sync 1 DAGs
[2026-06-12T11:20:18.402+0000] {logging_mixin.py:188} INFO - [2026-06-12T11:20:18.402+0000] {dag.py:3820} INFO - Setting next_dagrun for edtech_analytics to 2026-06-12T00:00:00+00:00, run_after=2026-06-13T00:00:00+00:00
[2026-06-12T11:20:18.422+0000] {processor.py:183} INFO - Processing /opt/airflow/dags/edtech_dag.py took 0.112 seconds
[2026-06-12T11:20:48.462+0000] {processor.py:161} INFO - Started process (PID=337) to work on /opt/airflow/dags/edtech_dag.py
[2026-06-12T11:20:48.463+0000] {processor.py:830} INFO - Processing file /opt/airflow/dags/edtech_dag.py for tasks to queue
[2026-06-12T11:20:48.464+0000] {logging_mixin.py:188} INFO - [2026-06-12T11:20:48.463+0000] {dagbag.py:538} INFO - Filling up the DagBag from /opt/airflow/dags/edtech_dag.py
[2026-06-12T11:20:48.474+0000] {processor.py:840} INFO - DAG(s) 'edtech_analytics' retrieved from /opt/airflow/dags/edtech_dag.py
[2026-06-12T11:20:48.500+0000] {logging_mixin.py:188} INFO - [2026-06-12T11:20:48.499+0000] {dag.py:3033} INFO - Sync 1 DAGs
[2026-06-12T11:20:48.527+0000] {logging_mixin.py:188} INFO - [2026-06-12T11:20:48.527+0000] {dag.py:3820} INFO - Setting next_dagrun for edtech_analytics to 2026-06-12T00:00:00+00:00, run_after=2026-06-13T00:00:00+00:00
[2026-06-12T11:20:48.542+0000] {processor.py:183} INFO - Processing /opt/airflow/dags/edtech_dag.py took 0.082 seconds
[2026-06-12T11:21:18.643+0000] {processor.py:161} INFO - Started process (PID=342) to work on /opt/airflow/dags/edtech_dag.py
[2026-06-12T11:21:18.643+0000] {processor.py:830} INFO - Processing file /opt/airflow/dags/edtech_dag.py for tasks to queue
[2026-06-12T11:21:18.644+0000] {logging_mixin.py:188} INFO - [2026-06-12T11:21:18.644+0000] {dagbag.py:538} INFO - Filling up the DagBag from /opt/airflow/dags/edtech_dag.py
[2026-06-12T11:21:18.654+0000] {processor.py:840} INFO - DAG(s) 'edtech_analytics' retrieved from /opt/airflow/dags/edtech_dag.py
[2026-06-12T11:21:18.675+0000] {logging_mixin.py:188} INFO - [2026-06-12T11:21:18.675+0000] {dag.py:3033} INFO - Sync 1 DAGs
[2026-06-12T11:21:18.693+0000] {logging_mixin.py:188} INFO - [2026-06-12T11:21:18.693+0000] {dag.py:3820} INFO - Setting next_dagrun for edtech_analytics to 2026-06-12T00:00:00+00:00, run_after=2026-06-13T00:00:00+00:00
[2026-06-12T11:21:18.709+0000] {processor.py:183} INFO - Processing /opt/airflow/dags/edtech_dag.py took 0.070 seconds
[2026-06-12T11:21:48.764+0000] {processor.py:161} INFO - Started process (PID=347) to work on /opt/airflow/dags/edtech_dag.py
[2026-06-12T11:21:48.764+0000] {processor.py:830} INFO - Processing file /opt/airflow/dags/edtech_dag.py for tasks to queue
[2026-06-12T11:21:48.765+0000] {logging_mixin.py:188} INFO - [2026-06-12T11:21:48.765+0000] {dagbag.py:538} INFO - Filling up the DagBag from /opt/airflow/dags/edtech_dag.py
[2026-06-12T11:21:48.775+0000] {processor.py:840} INFO - DAG(s) 'edtech_analytics' retrieved from /opt/airflow/dags/edtech_dag.py
[2026-06-12T11:21:48.797+0000] {logging_mixin.py:188} INFO - [2026-06-12T11:21:48.797+0000] {dag.py:3033} INFO - Sync 1 DAGs
[2026-06-12T11:21:48.825+0000] {logging_mixin.py:188} INFO - [2026-06-12T11:21:48.824+0000] {dag.py:3820} INFO - Setting next_dagrun for edtech_analytics to 2026-06-12T00:00:00+00:00, run_after=2026-06-13T00:00:00+00:00
[2026-06-12T11:21:48.841+0000] {processor.py:183} INFO - Processing /opt/airflow/dags/edtech_dag.py took 0.080 seconds
[2026-06-12T11:22:18.946+0000] {processor.py:161} INFO - Started process (PID=352) to work on /opt/airflow/dags/edtech_dag.py
[2026-06-12T11:22:18.947+0000] {processor.py:830} INFO - Processing file /opt/airflow/dags/edtech_dag.py for tasks to queue
[2026-06-12T11:22:18.948+0000] {logging_mixin.py:188} INFO - [2026-06-12T11:22:18.948+0000] {dagbag.py:538} INFO - Filling up the DagBag from /opt/airflow/dags/edtech_dag.py
[2026-06-12T11:22:18.961+0000] {processor.py:840} INFO - DAG(s) 'edtech_analytics' retrieved from /opt/airflow/dags/edtech_dag.py
[2026-06-12T11:22:18.981+0000] {logging_mixin.py:188} INFO - [2026-06-12T11:22:18.981+0000] {dag.py:3033} INFO - Sync 1 DAGs
[2026-06-12T11:22:19.000+0000] {logging_mixin.py:188} INFO - [2026-06-12T11:22:19.000+0000] {dag.py:3820} INFO - Setting next_dagrun for edtech_analytics to 2026-06-12T00:00:00+00:00, run_after=2026-06-13T00:00:00+00:00
[2026-06-12T11:22:19.018+0000] {processor.py:183} INFO - Processing /opt/airflow/dags/edtech_dag.py took 0.076 seconds
[2026-06-12T11:22:49.077+0000] {processor.py:161} INFO - Started process (PID=357) to work on /opt/airflow/dags/edtech_dag.py
[2026-06-12T11:22:49.077+0000] {processor.py:830} INFO - Processing file /opt/airflow/dags/edtech_dag.py for tasks to queue
[2026-06-12T11:22:49.078+0000] {logging_mixin.py:188} INFO - [2026-06-12T11:22:49.078+0000] {dagbag.py:538} INFO - Filling up the DagBag from /opt/airflow/dags/edtech_dag.py
[2026-06-12T11:22:49.089+0000] {processor.py:840} INFO - DAG(s) 'edtech_analytics' retrieved from /opt/airflow/dags/edtech_dag.py
[2026-06-12T11:22:49.116+0000] {logging_mixin.py:188} INFO - [2026-06-12T11:22:49.115+0000] {dag.py:3033} INFO - Sync 1 DAGs
[2026-06-12T11:22:49.138+0000] {logging_mixin.py:188} INFO - [2026-06-12T11:22:49.138+0000] {dag.py:3820} INFO - Setting next_dagrun for edtech_analytics to 2026-06-12T00:00:00+00:00, run_after=2026-06-13T00:00:00+00:00
[2026-06-12T11:22:49.154+0000] {processor.py:183} INFO - Processing /opt/airflow/dags/edtech_dag.py took 0.080 seconds
[2026-06-12T11:23:19.253+0000] {processor.py:161} INFO - Started process (PID=362) to work on /opt/airflow/dags/edtech_dag.py
[2026-06-12T11:23:19.253+0000] {processor.py:830} INFO - Processing file /opt/airflow/dags/edtech_dag.py for tasks to queue
[2026-06-12T11:23:19.254+0000] {logging_mixin.py:188} INFO - [2026-06-12T11:23:19.253+0000] {dagbag.py:538} INFO - Filling up the DagBag from /opt/airflow/dags/edtech_dag.py
[2026-06-12T11:23:19.264+0000] {processor.py:840} INFO - DAG(s) 'edtech_analytics' retrieved from /opt/airflow/dags/edtech_dag.py
[2026-06-12T11:23:19.285+0000] {logging_mixin.py:188} INFO - [2026-06-12T11:23:19.285+0000] {dag.py:3033} INFO - Sync 1 DAGs
[2026-06-12T11:23:19.313+0000] {logging_mixin.py:188} INFO - [2026-06-12T11:23:19.313+0000] {dag.py:3820} INFO - Setting next_dagrun for edtech_analytics to 2026-06-12T00:00:00+00:00, run_after=2026-06-13T00:00:00+00:00
[2026-06-12T11:23:19.331+0000] {processor.py:183} INFO - Processing /opt/airflow/dags/edtech_dag.py took 0.082 seconds
[2026-06-12T11:23:49.366+0000] {processor.py:161} INFO - Started process (PID=367) to work on /opt/airflow/dags/edtech_dag.py
[2026-06-12T11:23:49.367+0000] {processor.py:830} INFO - Processing file /opt/airflow/dags/edtech_dag.py for tasks to queue
[2026-06-12T11:23:49.367+0000] {logging_mixin.py:188} INFO - [2026-06-12T11:23:49.367+0000] {dagbag.py:538} INFO - Filling up the DagBag from /opt/airflow/dags/edtech_dag.py
[2026-06-12T11:23:49.378+0000] {processor.py:840} INFO - DAG(s) 'edtech_analytics' retrieved from /opt/airflow/dags/edtech_dag.py
[2026-06-12T11:23:49.399+0000] {logging_mixin.py:188} INFO - [2026-06-12T11:23:49.399+0000] {dag.py:3033} INFO - Sync 1 DAGs
[2026-06-12T11:23:49.425+0000] {logging_mixin.py:188} INFO - [2026-06-12T11:23:49.424+0000] {dag.py:3820} INFO - Setting next_dagrun for edtech_analytics to 2026-06-12T00:00:00+00:00, run_after=2026-06-13T00:00:00+00:00
[2026-06-12T11:23:49.443+0000] {processor.py:183} INFO - Processing /opt/airflow/dags/edtech_dag.py took 0.080 seconds
[2026-06-12T11:24:19.567+0000] {processor.py:161} INFO - Started process (PID=372) to work on /opt/airflow/dags/edtech_dag.py
[2026-06-12T11:24:19.568+0000] {processor.py:830} INFO - Processing file /opt/airflow/dags/edtech_dag.py for tasks to queue
[2026-06-12T11:24:19.569+0000] {logging_mixin.py:188} INFO - [2026-06-12T11:24:19.568+0000] {dagbag.py:538} INFO - Filling up the DagBag from /opt/airflow/dags/edtech_dag.py
[2026-06-12T11:24:19.579+0000] {processor.py:840} INFO - DAG(s) 'edtech_analytics' retrieved from /opt/airflow/dags/edtech_dag.py
[2026-06-12T11:24:19.599+0000] {logging_mixin.py:188} INFO - [2026-06-12T11:24:19.599+0000] {dag.py:3033} INFO - Sync 1 DAGs
[2026-06-12T11:24:19.624+0000] {logging_mixin.py:188} INFO - [2026-06-12T11:24:19.624+0000] {dag.py:3820} INFO - Setting next_dagrun for edtech_analytics to 2026-06-12T00:00:00+00:00, run_after=2026-06-13T00:00:00+00:00
[2026-06-12T11:24:19.639+0000] {processor.py:183} INFO - Processing /opt/airflow/dags/edtech_dag.py took 0.075 seconds
[2026-06-12T11:24:49.692+0000] {processor.py:161} INFO - Started process (PID=377) to work on /opt/airflow/dags/edtech_dag.py
[2026-06-12T11:24:49.693+0000] {processor.py:830} INFO - Processing file /opt/airflow/dags/edtech_dag.py for tasks to queue
[2026-06-12T11:24:49.693+0000] {logging_mixin.py:188} INFO - [2026-06-12T11:24:49.693+0000] {dagbag.py:538} INFO - Filling up the DagBag from /opt/airflow/dags/edtech_dag.py
[2026-06-12T11:24:49.705+0000] {processor.py:840} INFO - DAG(s) 'edtech_analytics' retrieved from /opt/airflow/dags/edtech_dag.py
[2026-06-12T11:24:49.730+0000] {logging_mixin.py:188} INFO - [2026-06-12T11:24:49.730+0000] {dag.py:3033} INFO - Sync 1 DAGs
[2026-06-12T11:24:49.750+0000] {logging_mixin.py:188} INFO - [2026-06-12T11:24:49.750+0000] {dag.py:3820} INFO - Setting next_dagrun for edtech_analytics to 2026-06-12T00:00:00+00:00, run_after=2026-06-13T00:00:00+00:00
[2026-06-12T11:24:49.764+0000] {processor.py:183} INFO - Processing /opt/airflow/dags/edtech_dag.py took 0.074 seconds
[2026-06-12T11:25:19.867+0000] {processor.py:161} INFO - Started process (PID=382) to work on /opt/airflow/dags/edtech_dag.py
[2026-06-12T11:25:19.867+0000] {processor.py:830} INFO - Processing file /opt/airflow/dags/edtech_dag.py for tasks to queue
[2026-06-12T11:25:19.868+0000] {logging_mixin.py:188} INFO - [2026-06-12T11:25:19.868+0000] {dagbag.py:538} INFO - Filling up the DagBag from /opt/airflow/dags/edtech_dag.py
[2026-06-12T11:25:19.878+0000] {processor.py:840} INFO - DAG(s) 'edtech_analytics' retrieved from /opt/airflow/dags/edtech_dag.py
[2026-06-12T11:25:19.899+0000] {logging_mixin.py:188} INFO - [2026-06-12T11:25:19.899+0000] {dag.py:3033} INFO - Sync 1 DAGs
[2026-06-12T11:25:19.921+0000] {logging_mixin.py:188} INFO - [2026-06-12T11:25:19.921+0000] {dag.py:3820} INFO - Setting next_dagrun for edtech_analytics to 2026-06-12T00:00:00+00:00, run_after=2026-06-13T00:00:00+00:00
[2026-06-12T11:25:19.937+0000] {processor.py:183} INFO - Processing /opt/airflow/dags/edtech_dag.py took 0.074 seconds
[2026-06-12T11:25:49.993+0000] {processor.py:161} INFO - Started process (PID=387) to work on /opt/airflow/dags/edtech_dag.py
[2026-06-12T11:25:49.993+0000] {processor.py:830} INFO - Processing file /opt/airflow/dags/edtech_dag.py for tasks to queue
[2026-06-12T11:25:49.994+0000] {logging_mixin.py:188} INFO - [2026-06-12T11:25:49.994+0000] {dagbag.py:538} INFO - Filling up the DagBag from /opt/airflow/dags/edtech_dag.py
[2026-06-12T11:25:50.009+0000] {processor.py:840} INFO - DAG(s) 'edtech_analytics' retrieved from /opt/airflow/dags/edtech_dag.py
[2026-06-12T11:25:50.036+0000] {logging_mixin.py:188} INFO - [2026-06-12T11:25:50.035+0000] {dag.py:3033} INFO - Sync 1 DAGs
[2026-06-12T11:25:50.058+0000] {logging_mixin.py:188} INFO - [2026-06-12T11:25:50.057+0000] {dag.py:3820} INFO - Setting next_dagrun for edtech_analytics to 2026-06-12T00:00:00+00:00, run_after=2026-06-13T00:00:00+00:00
[2026-06-12T11:25:50.081+0000] {processor.py:183} INFO - Processing /opt/airflow/dags/edtech_dag.py took 0.091 seconds
[2026-06-12T11:26:20.158+0000] {processor.py:161} INFO - Started process (PID=392) to work on /opt/airflow/dags/edtech_dag.py
[2026-06-12T11:26:20.159+0000] {processor.py:830} INFO - Processing file /opt/airflow/dags/edtech_dag.py for tasks to queue
[2026-06-12T11:26:20.159+0000] {logging_mixin.py:188} INFO - [2026-06-12T11:26:20.159+0000] {dagbag.py:538} INFO - Filling up the DagBag from /opt/airflow/dags/edtech_dag.py
[2026-06-12T11:26:20.170+0000] {processor.py:840} INFO - DAG(s) 'edtech_analytics' retrieved from /opt/airflow/dags/edtech_dag.py
[2026-06-12T11:26:20.194+0000] {logging_mixin.py:188} INFO - [2026-06-12T11:26:20.194+0000] {dag.py:3033} INFO - Sync 1 DAGs
[2026-06-12T11:26:20.217+0000] {logging_mixin.py:188} INFO - [2026-06-12T11:26:20.217+0000] {dag.py:3820} INFO - Setting next_dagrun for edtech_analytics to 2026-06-12T00:00:00+00:00, run_after=2026-06-13T00:00:00+00:00
[2026-06-12T11:26:20.234+0000] {processor.py:183} INFO - Processing /opt/airflow/dags/edtech_dag.py took 0.079 seconds
[2026-06-12T11:26:50.321+0000] {processor.py:161} INFO - Started process (PID=397) to work on /opt/airflow/dags/edtech_dag.py
[2026-06-12T11:26:50.322+0000] {processor.py:830} INFO - Processing file /opt/airflow/dags/edtech_dag.py for tasks to queue
[2026-06-12T11:26:50.322+0000] {logging_mixin.py:188} INFO - [2026-06-12T11:26:50.322+0000] {dagbag.py:538} INFO - Filling up the DagBag from /opt/airflow/dags/edtech_dag.py
[2026-06-12T11:26:50.333+0000] {processor.py:840} INFO - DAG(s) 'edtech_analytics' retrieved from /opt/airflow/dags/edtech_dag.py
[2026-06-12T11:26:50.356+0000] {logging_mixin.py:188} INFO - [2026-06-12T11:26:50.355+0000] {dag.py:3033} INFO - Sync 1 DAGs
[2026-06-12T11:26:50.381+0000] {logging_mixin.py:188} INFO - [2026-06-12T11:26:50.381+0000] {dag.py:3820} INFO - Setting next_dagrun for edtech_analytics to 2026-06-12T00:00:00+00:00, run_after=2026-06-13T00:00:00+00:00
[2026-06-12T11:26:50.396+0000] {processor.py:183} INFO - Processing /opt/airflow/dags/edtech_dag.py took 0.079 seconds
[2026-06-12T11:27:20.457+0000] {processor.py:161} INFO - Started process (PID=402) to work on /opt/airflow/dags/edtech_dag.py
[2026-06-12T11:27:20.458+0000] {processor.py:830} INFO - Processing file /opt/airflow/dags/edtech_dag.py for tasks to queue
[2026-06-12T11:27:20.459+0000] {logging_mixin.py:188} INFO - [2026-06-12T11:27:20.458+0000] {dagbag.py:538} INFO - Filling up the DagBag from /opt/airflow/dags/edtech_dag.py
[2026-06-12T11:27:20.469+0000] {processor.py:840} INFO - DAG(s) 'edtech_analytics' retrieved from /opt/airflow/dags/edtech_dag.py
[2026-06-12T11:27:20.504+0000] {logging_mixin.py:188} INFO - [2026-06-12T11:27:20.504+0000] {dag.py:3033} INFO - Sync 1 DAGs
[2026-06-12T11:27:20.553+0000] {logging_mixin.py:188} INFO - [2026-06-12T11:27:20.553+0000] {dag.py:3820} INFO - Setting next_dagrun for edtech_analytics to 2026-06-12T00:00:00+00:00, run_after=2026-06-13T00:00:00+00:00
[2026-06-12T11:27:20.571+0000] {processor.py:183} INFO - Processing /opt/airflow/dags/edtech_dag.py took 0.116 seconds
[2026-06-12T11:27:50.638+0000] {processor.py:161} INFO - Started process (PID=407) to work on /opt/airflow/dags/edtech_dag.py
[2026-06-12T11:27:50.638+0000] {processor.py:830} INFO - Processing file /opt/airflow/dags/edtech_dag.py for tasks to queue
[2026-06-12T11:27:50.639+0000] {logging_mixin.py:188} INFO - [2026-06-12T11:27:50.639+0000] {dagbag.py:538} INFO - Filling up the DagBag from /opt/airflow/dags/edtech_dag.py
[2026-06-12T11:27:50.650+0000] {processor.py:840} INFO - DAG(s) 'edtech_analytics' retrieved from /opt/airflow/dags/edtech_dag.py
[2026-06-12T11:27:50.672+0000] {logging_mixin.py:188} INFO - [2026-06-12T11:27:50.672+0000] {dag.py:3033} INFO - Sync 1 DAGs
[2026-06-12T11:27:50.691+0000] {logging_mixin.py:188} INFO - [2026-06-12T11:27:50.691+0000] {dag.py:3820} INFO - Setting next_dagrun for edtech_analytics to 2026-06-12T00:00:00+00:00, run_after=2026-06-13T00:00:00+00:00
[2026-06-12T11:27:50.711+0000] {processor.py:183} INFO - Processing /opt/airflow/dags/edtech_dag.py took 0.076 seconds
[2026-06-12T11:28:20.825+0000] {processor.py:161} INFO - Started process (PID=412) to work on /opt/airflow/dags/edtech_dag.py
[2026-06-12T11:28:20.826+0000] {processor.py:830} INFO - Processing file /opt/airflow/dags/edtech_dag.py for tasks to queue
[2026-06-12T11:28:20.827+0000] {logging_mixin.py:188} INFO - [2026-06-12T11:28:20.827+0000] {dagbag.py:538} INFO - Filling up the DagBag from /opt/airflow/dags/edtech_dag.py
[2026-06-12T11:28:20.840+0000] {processor.py:840} INFO - DAG(s) 'edtech_analytics' retrieved from /opt/airflow/dags/edtech_dag.py
[2026-06-12T11:28:20.860+0000] {logging_mixin.py:188} INFO - [2026-06-12T11:28:20.860+0000] {dag.py:3033} INFO - Sync 1 DAGs
[2026-06-12T11:28:20.879+0000] {logging_mixin.py:188} INFO - [2026-06-12T11:28:20.879+0000] {dag.py:3820} INFO - Setting next_dagrun for edtech_analytics to 2026-06-12T00:00:00+00:00, run_after=2026-06-13T00:00:00+00:00
[2026-06-12T11:28:20.894+0000] {processor.py:183} INFO - Processing /opt/airflow/dags/edtech_dag.py took 0.074 seconds
[2026-06-12T11:28:50.960+0000] {processor.py:161} INFO - Started process (PID=417) to work on /opt/airflow/dags/edtech_dag.py
[2026-06-12T11:28:50.961+0000] {processor.py:830} INFO - Processing file /opt/airflow/dags/edtech_dag.py for tasks to queue
[2026-06-12T11:28:50.962+0000] {logging_mixin.py:188} INFO - [2026-06-12T11:28:50.961+0000] {dagbag.py:538} INFO - Filling up the DagBag from /opt/airflow/dags/edtech_dag.py
[2026-06-12T11:28:50.980+0000] {processor.py:840} INFO - DAG(s) 'edtech_analytics' retrieved from /opt/airflow/dags/edtech_dag.py
[2026-06-12T11:28:51.007+0000] {logging_mixin.py:188} INFO - [2026-06-12T11:28:51.006+0000] {dag.py:3033} INFO - Sync 1 DAGs
[2026-06-12T11:28:51.031+0000] {logging_mixin.py:188} INFO - [2026-06-12T11:28:51.030+0000] {dag.py:3820} INFO - Setting next_dagrun for edtech_analytics to 2026-06-12T00:00:00+00:00, run_after=2026-06-13T00:00:00+00:00
[2026-06-12T11:28:51.044+0000] {processor.py:183} INFO - Processing /opt/airflow/dags/edtech_dag.py took 0.088 seconds
[2026-06-12T11:29:21.154+0000] {processor.py:161} INFO - Started process (PID=422) to work on /opt/airflow/dags/edtech_dag.py
[2026-06-12T11:29:21.155+0000] {processor.py:830} INFO - Processing file /opt/airflow/dags/edtech_dag.py for tasks to queue
[2026-06-12T11:29:21.156+0000] {logging_mixin.py:188} INFO - [2026-06-12T11:29:21.156+0000] {dagbag.py:538} INFO - Filling up the DagBag from /opt/airflow/dags/edtech_dag.py
[2026-06-12T11:29:21.171+0000] {processor.py:840} INFO - DAG(s) 'edtech_analytics' retrieved from /opt/airflow/dags/edtech_dag.py
[2026-06-12T11:29:21.209+0000] {logging_mixin.py:188} INFO - [2026-06-12T11:29:21.209+0000] {dag.py:3033} INFO - Sync 1 DAGs
[2026-06-12T11:29:21.252+0000] {logging_mixin.py:188} INFO - [2026-06-12T11:29:21.252+0000] {dag.py:3820} INFO - Setting next_dagrun for edtech_analytics to 2026-06-12T00:00:00+00:00, run_after=2026-06-13T00:00:00+00:00
[2026-06-12T11:29:21.272+0000] {processor.py:183} INFO - Processing /opt/airflow/dags/edtech_dag.py took 0.123 seconds
[2026-06-12T11:29:51.390+0000] {processor.py:161} INFO - Started process (PID=427) to work on /opt/airflow/dags/edtech_dag.py
[2026-06-12T11:29:51.391+0000] {processor.py:830} INFO - Processing file /opt/airflow/dags/edtech_dag.py for tasks to queue
[2026-06-12T11:29:51.391+0000] {logging_mixin.py:188} INFO - [2026-06-12T11:29:51.391+0000] {dagbag.py:538} INFO - Filling up the DagBag from /opt/airflow/dags/edtech_dag.py
[2026-06-12T11:29:51.406+0000] {processor.py:840} INFO - DAG(s) 'edtech_analytics' retrieved from /opt/airflow/dags/edtech_dag.py
[2026-06-12T11:29:51.433+0000] {logging_mixin.py:188} INFO - [2026-06-12T11:29:51.432+0000] {dag.py:3033} INFO - Sync 1 DAGs
[2026-06-12T11:29:51.453+0000] {logging_mixin.py:188} INFO - [2026-06-12T11:29:51.453+0000] {dag.py:3820} INFO - Setting next_dagrun for edtech_analytics to 2026-06-12T00:00:00+00:00, run_after=2026-06-13T00:00:00+00:00
[2026-06-12T11:29:51.466+0000] {processor.py:183} INFO - Processing /opt/airflow/dags/edtech_dag.py took 0.081 seconds
[2026-06-12T11:30:21.515+0000] {processor.py:161} INFO - Started process (PID=432) to work on /opt/airflow/dags/edtech_dag.py
[2026-06-12T11:30:21.517+0000] {processor.py:830} INFO - Processing file /opt/airflow/dags/edtech_dag.py for tasks to queue
[2026-06-12T11:30:21.518+0000] {logging_mixin.py:188} INFO - [2026-06-12T11:30:21.517+0000] {dagbag.py:538} INFO - Filling up the DagBag from /opt/airflow/dags/edtech_dag.py
[2026-06-12T11:30:21.534+0000] {processor.py:840} INFO - DAG(s) 'edtech_analytics' retrieved from /opt/airflow/dags/edtech_dag.py
[2026-06-12T11:30:21.556+0000] {logging_mixin.py:188} INFO - [2026-06-12T11:30:21.555+0000] {dag.py:3033} INFO - Sync 1 DAGs
[2026-06-12T11:30:21.575+0000] {logging_mixin.py:188} INFO - [2026-06-12T11:30:21.575+0000] {dag.py:3820} INFO - Setting next_dagrun for edtech_analytics to 2026-06-12T00:00:00+00:00, run_after=2026-06-13T00:00:00+00:00
[2026-06-12T11:30:21.590+0000] {processor.py:183} INFO - Processing /opt/airflow/dags/edtech_dag.py took 0.082 seconds
[2026-06-12T11:30:51.701+0000] {processor.py:161} INFO - Started process (PID=437) to work on /opt/airflow/dags/edtech_dag.py
[2026-06-12T11:30:51.701+0000] {processor.py:830} INFO - Processing file /opt/airflow/dags/edtech_dag.py for tasks to queue
[2026-06-12T11:30:51.702+0000] {logging_mixin.py:188} INFO - [2026-06-12T11:30:51.702+0000] {dagbag.py:538} INFO - Filling up the DagBag from /opt/airflow/dags/edtech_dag.py
[2026-06-12T11:30:51.716+0000] {processor.py:840} INFO - DAG(s) 'edtech_analytics' retrieved from /opt/airflow/dags/edtech_dag.py
[2026-06-12T11:30:51.739+0000] {logging_mixin.py:188} INFO - [2026-06-12T11:30:51.738+0000] {dag.py:3033} INFO - Sync 1 DAGs
[2026-06-12T11:30:51.764+0000] {logging_mixin.py:188} INFO - [2026-06-12T11:30:51.764+0000] {dag.py:3820} INFO - Setting next_dagrun for edtech_analytics to 2026-06-12T00:00:00+00:00, run_after=2026-06-13T00:00:00+00:00
[2026-06-12T11:30:51.780+0000] {processor.py:183} INFO - Processing /opt/airflow/dags/edtech_dag.py took 0.083 seconds
[2026-06-12T11:31:21.831+0000] {processor.py:161} INFO - Started process (PID=442) to work on /opt/airflow/dags/edtech_dag.py
[2026-06-12T11:31:21.831+0000] {processor.py:830} INFO - Processing file /opt/airflow/dags/edtech_dag.py for tasks to queue
[2026-06-12T11:31:21.832+0000] {logging_mixin.py:188} INFO - [2026-06-12T11:31:21.832+0000] {dagbag.py:538} INFO - Filling up the DagBag from /opt/airflow/dags/edtech_dag.py
[2026-06-12T11:31:21.843+0000] {processor.py:840} INFO - DAG(s) 'edtech_analytics' retrieved from /opt/airflow/dags/edtech_dag.py
[2026-06-12T11:31:21.875+0000] {logging_mixin.py:188} INFO - [2026-06-12T11:31:21.875+0000] {dag.py:3033} INFO - Sync 1 DAGs
[2026-06-12T11:31:21.921+0000] {logging_mixin.py:188} INFO - [2026-06-12T11:31:21.920+0000] {dag.py:3820} INFO - Setting next_dagrun for edtech_analytics to 2026-06-12T00:00:00+00:00, run_after=2026-06-13T00:00:00+00:00
[2026-06-12T11:31:21.940+0000] {processor.py:183} INFO - Processing /opt/airflow/dags/edtech_dag.py took 0.112 seconds
[2026-06-12T11:31:52.002+0000] {processor.py:161} INFO - Started process (PID=447) to work on /opt/airflow/dags/edtech_dag.py
[2026-06-12T11:31:52.003+0000] {processor.py:830} INFO - Processing file /opt/airflow/dags/edtech_dag.py for tasks to queue
[2026-06-12T11:31:52.004+0000] {logging_mixin.py:188} INFO - [2026-06-12T11:31:52.003+0000] {dagbag.py:538} INFO - Filling up the DagBag from /opt/airflow/dags/edtech_dag.py
[2026-06-12T11:31:52.018+0000] {processor.py:840} INFO - DAG(s) 'edtech_analytics' retrieved from /opt/airflow/dags/edtech_dag.py
[2026-06-12T11:31:52.043+0000] {logging_mixin.py:188} INFO - [2026-06-12T11:31:52.043+0000] {dag.py:3033} INFO - Sync 1 DAGs
[2026-06-12T11:31:52.062+0000] {logging_mixin.py:188} INFO - [2026-06-12T11:31:52.062+0000] {dag.py:3820} INFO - Setting next_dagrun for edtech_analytics to 2026-06-12T00:00:00+00:00, run_after=2026-06-13T00:00:00+00:00
[2026-06-12T11:31:52.077+0000] {processor.py:183} INFO - Processing /opt/airflow/dags/edtech_dag.py took 0.078 seconds
[2026-06-12T11:32:22.173+0000] {processor.py:161} INFO - Started process (PID=452) to work on /opt/airflow/dags/edtech_dag.py
[2026-06-12T11:32:22.174+0000] {processor.py:830} INFO - Processing file /opt/airflow/dags/edtech_dag.py for tasks to queue
[2026-06-12T11:32:22.175+0000] {logging_mixin.py:188} INFO - [2026-06-12T11:32:22.175+0000] {dagbag.py:538} INFO - Filling up the DagBag from /opt/airflow/dags/edtech_dag.py
[2026-06-12T11:32:22.197+0000] {processor.py:840} INFO - DAG(s) 'edtech_analytics' retrieved from /opt/airflow/dags/edtech_dag.py
[2026-06-12T11:32:22.226+0000] {logging_mixin.py:188} INFO - [2026-06-12T11:32:22.225+0000] {dag.py:3033} INFO - Sync 1 DAGs
[2026-06-12T11:32:22.246+0000] {logging_mixin.py:188} INFO - [2026-06-12T11:32:22.246+0000] {dag.py:3820} INFO - Setting next_dagrun for edtech_analytics to 2026-06-12T00:00:00+00:00, run_after=2026-06-13T00:00:00+00:00
[2026-06-12T11:32:22.260+0000] {processor.py:183} INFO - Processing /opt/airflow/dags/edtech_dag.py took 0.091 seconds
[2026-06-12T11:32:52.303+0000] {processor.py:161} INFO - Started process (PID=457) to work on /opt/airflow/dags/edtech_dag.py
[2026-06-12T11:32:52.304+0000] {processor.py:830} INFO - Processing file /opt/airflow/dags/edtech_dag.py for tasks to queue
[2026-06-12T11:32:52.304+0000] {logging_mixin.py:188} INFO - [2026-06-12T11:32:52.304+0000] {dagbag.py:538} INFO - Filling up the DagBag from /opt/airflow/dags/edtech_dag.py
[2026-06-12T11:32:52.316+0000] {processor.py:840} INFO - DAG(s) 'edtech_analytics' retrieved from /opt/airflow/dags/edtech_dag.py
[2026-06-12T11:32:52.343+0000] {logging_mixin.py:188} INFO - [2026-06-12T11:32:52.343+0000] {dag.py:3033} INFO - Sync 1 DAGs
[2026-06-12T11:32:52.367+0000] {logging_mixin.py:188} INFO - [2026-06-12T11:32:52.367+0000] {dag.py:3820} INFO - Setting next_dagrun for edtech_analytics to 2026-06-12T00:00:00+00:00, run_after=2026-06-13T00:00:00+00:00
[2026-06-12T11:32:52.385+0000] {processor.py:183} INFO - Processing /opt/airflow/dags/edtech_dag.py took 0.086 seconds
[2026-06-12T11:33:22.489+0000] {processor.py:161} INFO - Started process (PID=462) to work on /opt/airflow/dags/edtech_dag.py
[2026-06-12T11:33:22.489+0000] {processor.py:830} INFO - Processing file /opt/airflow/dags/edtech_dag.py for tasks to queue
[2026-06-12T11:33:22.490+0000] {logging_mixin.py:188} INFO - [2026-06-12T11:33:22.490+0000] {dagbag.py:538} INFO - Filling up the DagBag from /opt/airflow/dags/edtech_dag.py
[2026-06-12T11:33:22.500+0000] {processor.py:840} INFO - DAG(s) 'edtech_analytics' retrieved from /opt/airflow/dags/edtech_dag.py
[2026-06-12T11:33:22.530+0000] {logging_mixin.py:188} INFO - [2026-06-12T11:33:22.530+0000] {dag.py:3033} INFO - Sync 1 DAGs
[2026-06-12T11:33:22.548+0000] {logging_mixin.py:188} INFO - [2026-06-12T11:33:22.548+0000] {dag.py:3820} INFO - Setting next_dagrun for edtech_analytics to 2026-06-12T00:00:00+00:00, run_after=2026-06-13T00:00:00+00:00
[2026-06-12T11:33:22.563+0000] {processor.py:183} INFO - Processing /opt/airflow/dags/edtech_dag.py took 0.077 seconds
[2026-06-12T11:33:52.615+0000] {processor.py:161} INFO - Started process (PID=467) to work on /opt/airflow/dags/edtech_dag.py
[2026-06-12T11:33:52.616+0000] {processor.py:830} INFO - Processing file /opt/airflow/dags/edtech_dag.py for tasks to queue
[2026-06-12T11:33:52.616+0000] {logging_mixin.py:188} INFO - [2026-06-12T11:33:52.616+0000] {dagbag.py:538} INFO - Filling up the DagBag from /opt/airflow/dags/edtech_dag.py
[2026-06-12T11:33:52.628+0000] {processor.py:840} INFO - DAG(s) 'edtech_analytics' retrieved from /opt/airflow/dags/edtech_dag.py
[2026-06-12T11:33:52.661+0000] {logging_mixin.py:188} INFO - [2026-06-12T11:33:52.661+0000] {dag.py:3033} INFO - Sync 1 DAGs
[2026-06-12T11:33:52.681+0000] {logging_mixin.py:188} INFO - [2026-06-12T11:33:52.681+0000] {dag.py:3820} INFO - Setting next_dagrun for edtech_analytics to 2026-06-12T00:00:00+00:00, run_after=2026-06-13T00:00:00+00:00
[2026-06-12T11:33:52.695+0000] {processor.py:183} INFO - Processing /opt/airflow/dags/edtech_dag.py took 0.084 seconds
[2026-06-12T11:34:22.784+0000] {processor.py:161} INFO - Started process (PID=472) to work on /opt/airflow/dags/edtech_dag.py
[2026-06-12T11:34:22.785+0000] {processor.py:830} INFO - Processing file /opt/airflow/dags/edtech_dag.py for tasks to queue
[2026-06-12T11:34:22.786+0000] {logging_mixin.py:188} INFO - [2026-06-12T11:34:22.786+0000] {dagbag.py:538} INFO - Filling up the DagBag from /opt/airflow/dags/edtech_dag.py
[2026-06-12T11:34:22.797+0000] {processor.py:840} INFO - DAG(s) 'edtech_analytics' retrieved from /opt/airflow/dags/edtech_dag.py
[2026-06-12T11:34:22.830+0000] {logging_mixin.py:188} INFO - [2026-06-12T11:34:22.830+0000] {dag.py:3033} INFO - Sync 1 DAGs
[2026-06-12T11:34:22.858+0000] {logging_mixin.py:188} INFO - [2026-06-12T11:34:22.858+0000] {dag.py:3820} INFO - Setting next_dagrun for edtech_analytics to 2026-06-12T00:00:00+00:00, run_after=2026-06-13T00:00:00+00:00
[2026-06-12T11:34:22.880+0000] {processor.py:183} INFO - Processing /opt/airflow/dags/edtech_dag.py took 0.099 seconds
[2026-06-12T11:34:52.906+0000] {processor.py:161} INFO - Started process (PID=477) to work on /opt/airflow/dags/edtech_dag.py
[2026-06-12T11:34:52.907+0000] {processor.py:830} INFO - Processing file /opt/airflow/dags/edtech_dag.py for tasks to queue
[2026-06-12T11:34:52.908+0000] {logging_mixin.py:188} INFO - [2026-06-12T11:34:52.907+0000] {dagbag.py:538} INFO - Filling up the DagBag from /opt/airflow/dags/edtech_dag.py
[2026-06-12T11:34:52.919+0000] {processor.py:840} INFO - DAG(s) 'edtech_analytics' retrieved from /opt/airflow/dags/edtech_dag.py
[2026-06-12T11:34:52.947+0000] {logging_mixin.py:188} INFO - [2026-06-12T11:34:52.947+0000] {dag.py:3033} INFO - Sync 1 DAGs
[2026-06-12T11:34:52.966+0000] {logging_mixin.py:188} INFO - [2026-06-12T11:34:52.966+0000] {dag.py:3820} INFO - Setting next_dagrun for edtech_analytics to 2026-06-12T00:00:00+00:00, run_after=2026-06-13T00:00:00+00:00
[2026-06-12T11:34:52.984+0000] {processor.py:183} INFO - Processing /opt/airflow/dags/edtech_dag.py took 0.080 seconds
[2026-06-12T11:35:23.100+0000] {processor.py:161} INFO - Started process (PID=482) to work on /opt/airflow/dags/edtech_dag.py
[2026-06-12T11:35:23.101+0000] {processor.py:830} INFO - Processing file /opt/airflow/dags/edtech_dag.py for tasks to queue
[2026-06-12T11:35:23.102+0000] {logging_mixin.py:188} INFO - [2026-06-12T11:35:23.101+0000] {dagbag.py:538} INFO - Filling up the DagBag from /opt/airflow/dags/edtech_dag.py
[2026-06-12T11:35:23.116+0000] {processor.py:840} INFO - DAG(s) 'edtech_analytics' retrieved from /opt/airflow/dags/edtech_dag.py
[2026-06-12T11:35:23.139+0000] {logging_mixin.py:188} INFO - [2026-06-12T11:35:23.138+0000] {dag.py:3033} INFO - Sync 1 DAGs
[2026-06-12T11:35:23.158+0000] {logging_mixin.py:188} INFO - [2026-06-12T11:35:23.158+0000] {dag.py:3820} INFO - Setting next_dagrun for edtech_analytics to 2026-06-12T00:00:00+00:00, run_after=2026-06-13T00:00:00+00:00
[2026-06-12T11:35:23.173+0000] {processor.py:183} INFO - Processing /opt/airflow/dags/edtech_dag.py took 0.076 seconds
[2026-06-12T11:35:53.242+0000] {processor.py:161} INFO - Started process (PID=487) to work on /opt/airflow/dags/edtech_dag.py
[2026-06-12T11:35:53.242+0000] {processor.py:830} INFO - Processing file /opt/airflow/dags/edtech_dag.py for tasks to queue
[2026-06-12T11:35:53.243+0000] {logging_mixin.py:188} INFO - [2026-06-12T11:35:53.243+0000] {dagbag.py:538} INFO - Filling up the DagBag from /opt/airflow/dags/edtech_dag.py
[2026-06-12T11:35:53.259+0000] {processor.py:840} INFO - DAG(s) 'edtech_analytics' retrieved from /opt/airflow/dags/edtech_dag.py
[2026-06-12T11:35:53.285+0000] {logging_mixin.py:188} INFO - [2026-06-12T11:35:53.285+0000] {dag.py:3033} INFO - Sync 1 DAGs
[2026-06-12T11:35:53.308+0000] {logging_mixin.py:188} INFO - [2026-06-12T11:35:53.308+0000] {dag.py:3820} INFO - Setting next_dagrun for edtech_analytics to 2026-06-12T00:00:00+00:00, run_after=2026-06-13T00:00:00+00:00
[2026-06-12T11:35:53.332+0000] {processor.py:183} INFO - Processing /opt/airflow/dags/edtech_dag.py took 0.093 seconds
[2026-06-12T11:36:23.408+0000] {processor.py:161} INFO - Started process (PID=492) to work on /opt/airflow/dags/edtech_dag.py
[2026-06-12T11:36:23.409+0000] {processor.py:830} INFO - Processing file /opt/airflow/dags/edtech_dag.py for tasks to queue
[2026-06-12T11:36:23.410+0000] {logging_mixin.py:188} INFO - [2026-06-12T11:36:23.409+0000] {dagbag.py:538} INFO - Filling up the DagBag from /opt/airflow/dags/edtech_dag.py
[2026-06-12T11:36:23.425+0000] {processor.py:840} INFO - DAG(s) 'edtech_analytics' retrieved from /opt/airflow/dags/edtech_dag.py
[2026-06-12T11:36:23.446+0000] {logging_mixin.py:188} INFO - [2026-06-12T11:36:23.446+0000] {dag.py:3033} INFO - Sync 1 DAGs
[2026-06-12T11:36:23.466+0000] {logging_mixin.py:188} INFO - [2026-06-12T11:36:23.465+0000] {dag.py:3820} INFO - Setting next_dagrun for edtech_analytics to 2026-06-12T00:00:00+00:00, run_after=2026-06-13T00:00:00+00:00
[2026-06-12T11:36:23.480+0000] {processor.py:183} INFO - Processing /opt/airflow/dags/edtech_dag.py took 0.075 seconds
[2026-06-12T11:36:53.548+0000] {processor.py:161} INFO - Started process (PID=497) to work on /opt/airflow/dags/edtech_dag.py
[2026-06-12T11:36:53.549+0000] {processor.py:830} INFO - Processing file /opt/airflow/dags/edtech_dag.py for tasks to queue
[2026-06-12T11:36:53.549+0000] {logging_mixin.py:188} INFO - [2026-06-12T11:36:53.549+0000] {dagbag.py:538} INFO - Filling up the DagBag from /opt/airflow/dags/edtech_dag.py
[2026-06-12T11:36:53.560+0000] {processor.py:840} INFO - DAG(s) 'edtech_analytics' retrieved from /opt/airflow/dags/edtech_dag.py
[2026-06-12T11:36:53.584+0000] {logging_mixin.py:188} INFO - [2026-06-12T11:36:53.584+0000] {dag.py:3033} INFO - Sync 1 DAGs
[2026-06-12T11:36:53.605+0000] {logging_mixin.py:188} INFO - [2026-06-12T11:36:53.605+0000] {dag.py:3820} INFO - Setting next_dagrun for edtech_analytics to 2026-06-12T00:00:00+00:00, run_after=2026-06-13T00:00:00+00:00
[2026-06-12T11:36:53.626+0000] {processor.py:183} INFO - Processing /opt/airflow/dags/edtech_dag.py took 0.082 seconds
[2026-06-12T11:37:23.710+0000] {processor.py:161} INFO - Started process (PID=502) to work on /opt/airflow/dags/edtech_dag.py
[2026-06-12T11:37:23.711+0000] {processor.py:830} INFO - Processing file /opt/airflow/dags/edtech_dag.py for tasks to queue
[2026-06-12T11:37:23.712+0000] {logging_mixin.py:188} INFO - [2026-06-12T11:37:23.712+0000] {dagbag.py:538} INFO - Filling up the DagBag from /opt/airflow/dags/edtech_dag.py
[2026-06-12T11:37:23.726+0000] {processor.py:840} INFO - DAG(s) 'edtech_analytics' retrieved from /opt/airflow/dags/edtech_dag.py
[2026-06-12T11:37:23.748+0000] {logging_mixin.py:188} INFO - [2026-06-12T11:37:23.748+0000] {dag.py:3033} INFO - Sync 1 DAGs
[2026-06-12T11:37:23.768+0000] {logging_mixin.py:188} INFO - [2026-06-12T11:37:23.768+0000] {dag.py:3820} INFO - Setting next_dagrun for edtech_analytics to 2026-06-12T00:00:00+00:00, run_after=2026-06-13T00:00:00+00:00
[2026-06-12T11:37:23.784+0000] {processor.py:183} INFO - Processing /opt/airflow/dags/edtech_dag.py took 0.078 seconds
[2026-06-12T11:37:53.857+0000] {processor.py:161} INFO - Started process (PID=507) to work on /opt/airflow/dags/edtech_dag.py
[2026-06-12T11:37:53.858+0000] {processor.py:830} INFO - Processing file /opt/airflow/dags/edtech_dag.py for tasks to queue
[2026-06-12T11:37:53.858+0000] {logging_mixin.py:188} INFO - [2026-06-12T11:37:53.858+0000] {dagbag.py:538} INFO - Filling up the DagBag from /opt/airflow/dags/edtech_dag.py
[2026-06-12T11:37:53.871+0000] {processor.py:840} INFO - DAG(s) 'edtech_analytics' retrieved from /opt/airflow/dags/edtech_dag.py
[2026-06-12T11:37:53.897+0000] {logging_mixin.py:188} INFO - [2026-06-12T11:37:53.897+0000] {dag.py:3033} INFO - Sync 1 DAGs
[2026-06-12T11:37:53.921+0000] {logging_mixin.py:188} INFO - [2026-06-12T11:37:53.920+0000] {dag.py:3820} INFO - Setting next_dagrun for edtech_analytics to 2026-06-12T00:00:00+00:00, run_after=2026-06-13T00:00:00+00:00
[2026-06-12T11:37:53.936+0000] {processor.py:183} INFO - Processing /opt/airflow/dags/edtech_dag.py took 0.082 seconds
[2026-06-12T11:38:24.008+0000] {processor.py:161} INFO - Started process (PID=512) to work on /opt/airflow/dags/edtech_dag.py
[2026-06-12T11:38:24.009+0000] {processor.py:830} INFO - Processing file /opt/airflow/dags/edtech_dag.py for tasks to queue
[2026-06-12T11:38:24.010+0000] {logging_mixin.py:188} INFO - [2026-06-12T11:38:24.009+0000] {dagbag.py:538} INFO - Filling up the DagBag from /opt/airflow/dags/edtech_dag.py
[2026-06-12T11:38:24.024+0000] {processor.py:840} INFO - DAG(s) 'edtech_analytics' retrieved from /opt/airflow/dags/edtech_dag.py
[2026-06-12T11:38:24.051+0000] {logging_mixin.py:188} INFO - [2026-06-12T11:38:24.051+0000] {dag.py:3033} INFO - Sync 1 DAGs
[2026-06-12T11:38:24.069+0000] {logging_mixin.py:188} INFO - [2026-06-12T11:38:24.069+0000] {dag.py:3820} INFO - Setting next_dagrun for edtech_analytics to 2026-06-12T00:00:00+00:00, run_after=2026-06-13T00:00:00+00:00
[2026-06-12T11:38:24.085+0000] {processor.py:183} INFO - Processing /opt/airflow/dags/edtech_dag.py took 0.080 seconds
[2026-06-12T11:38:54.158+0000] {processor.py:161} INFO - Started process (PID=517) to work on /opt/airflow/dags/edtech_dag.py
[2026-06-12T11:38:54.158+0000] {processor.py:830} INFO - Processing file /opt/airflow/dags/edtech_dag.py for tasks to queue
[2026-06-12T11:38:54.159+0000] {logging_mixin.py:188} INFO - [2026-06-12T11:38:54.159+0000] {dagbag.py:538} INFO - Filling up the DagBag from /opt/airflow/dags/edtech_dag.py
[2026-06-12T11:38:54.170+0000] {processor.py:840} INFO - DAG(s) 'edtech_analytics' retrieved from /opt/airflow/dags/edtech_dag.py
[2026-06-12T11:38:54.194+0000] {logging_mixin.py:188} INFO - [2026-06-12T11:38:54.194+0000] {dag.py:3033} INFO - Sync 1 DAGs
[2026-06-12T11:38:54.217+0000] {logging_mixin.py:188} INFO - [2026-06-12T11:38:54.217+0000] {dag.py:3820} INFO - Setting next_dagrun for edtech_analytics to 2026-06-12T00:00:00+00:00, run_after=2026-06-13T00:00:00+00:00
[2026-06-12T11:38:54.234+0000] {processor.py:183} INFO - Processing /opt/airflow/dags/edtech_dag.py took 0.079 seconds
[2026-06-12T11:39:24.316+0000] {processor.py:161} INFO - Started process (PID=522) to work on /opt/airflow/dags/edtech_dag.py
[2026-06-12T11:39:24.317+0000] {processor.py:830} INFO - Processing file /opt/airflow/dags/edtech_dag.py for tasks to queue
[2026-06-12T11:39:24.318+0000] {logging_mixin.py:188} INFO - [2026-06-12T11:39:24.317+0000] {dagbag.py:538} INFO - Filling up the DagBag from /opt/airflow/dags/edtech_dag.py
[2026-06-12T11:39:24.331+0000] {processor.py:840} INFO - DAG(s) 'edtech_analytics' retrieved from /opt/airflow/dags/edtech_dag.py
[2026-06-12T11:39:24.354+0000] {logging_mixin.py:188} INFO - [2026-06-12T11:39:24.354+0000] {dag.py:3033} INFO - Sync 1 DAGs
[2026-06-12T11:39:24.373+0000] {logging_mixin.py:188} INFO - [2026-06-12T11:39:24.372+0000] {dag.py:3820} INFO - Setting next_dagrun for edtech_analytics to 2026-06-12T00:00:00+00:00, run_after=2026-06-13T00:00:00+00:00
[2026-06-12T11:39:24.386+0000] {processor.py:183} INFO - Processing /opt/airflow/dags/edtech_dag.py took 0.073 seconds
[2026-06-12T11:39:54.457+0000] {processor.py:161} INFO - Started process (PID=527) to work on /opt/airflow/dags/edtech_dag.py
[2026-06-12T11:39:54.458+0000] {processor.py:830} INFO - Processing file /opt/airflow/dags/edtech_dag.py for tasks to queue
[2026-06-12T11:39:54.459+0000] {logging_mixin.py:188} INFO - [2026-06-12T11:39:54.458+0000] {dagbag.py:538} INFO - Filling up the DagBag from /opt/airflow/dags/edtech_dag.py
[2026-06-12T11:39:54.470+0000] {processor.py:840} INFO - DAG(s) 'edtech_analytics' retrieved from /opt/airflow/dags/edtech_dag.py
[2026-06-12T11:39:54.492+0000] {logging_mixin.py:188} INFO - [2026-06-12T11:39:54.492+0000] {dag.py:3033} INFO - Sync 1 DAGs
[2026-06-12T11:39:54.518+0000] {logging_mixin.py:188} INFO - [2026-06-12T11:39:54.518+0000] {dag.py:3820} INFO - Setting next_dagrun for edtech_analytics to 2026-06-12T00:00:00+00:00, run_after=2026-06-13T00:00:00+00:00
[2026-06-12T11:39:54.537+0000] {processor.py:183} INFO - Processing /opt/airflow/dags/edtech_dag.py took 0.082 seconds
[2026-06-12T11:40:24.630+0000] {processor.py:161} INFO - Started process (PID=532) to work on /opt/airflow/dags/edtech_dag.py
[2026-06-12T11:40:24.630+0000] {processor.py:830} INFO - Processing file /opt/airflow/dags/edtech_dag.py for tasks to queue
[2026-06-12T11:40:24.631+0000] {logging_mixin.py:188} INFO - [2026-06-12T11:40:24.631+0000] {dagbag.py:538} INFO - Filling up the DagBag from /opt/airflow/dags/edtech_dag.py
[2026-06-12T11:40:24.648+0000] {processor.py:840} INFO - DAG(s) 'edtech_analytics' retrieved from /opt/airflow/dags/edtech_dag.py
[2026-06-12T11:40:24.669+0000] {logging_mixin.py:188} INFO - [2026-06-12T11:40:24.668+0000] {dag.py:3033} INFO - Sync 1 DAGs
[2026-06-12T11:40:24.687+0000] {logging_mixin.py:188} INFO - [2026-06-12T11:40:24.687+0000] {dag.py:3820} INFO - Setting next_dagrun for edtech_analytics to 2026-06-12T00:00:00+00:00, run_after=2026-06-13T00:00:00+00:00
[2026-06-12T11:40:24.704+0000] {processor.py:183} INFO - Processing /opt/airflow/dags/edtech_dag.py took 0.079 seconds
[2026-06-12T11:40:54.775+0000] {processor.py:161} INFO - Started process (PID=537) to work on /opt/airflow/dags/edtech_dag.py
[2026-06-12T11:40:54.775+0000] {processor.py:830} INFO - Processing file /opt/airflow/dags/edtech_dag.py for tasks to queue
[2026-06-12T11:40:54.776+0000] {logging_mixin.py:188} INFO - [2026-06-12T11:40:54.776+0000] {dagbag.py:538} INFO - Filling up the DagBag from /opt/airflow/dags/edtech_dag.py
[2026-06-12T11:40:54.786+0000] {processor.py:840} INFO - DAG(s) 'edtech_analytics' retrieved from /opt/airflow/dags/edtech_dag.py
[2026-06-12T11:40:54.810+0000] {logging_mixin.py:188} INFO - [2026-06-12T11:40:54.810+0000] {dag.py:3033} INFO - Sync 1 DAGs
[2026-06-12T11:40:54.835+0000] {logging_mixin.py:188} INFO - [2026-06-12T11:40:54.835+0000] {dag.py:3820} INFO - Setting next_dagrun for edtech_analytics to 2026-06-12T00:00:00+00:00, run_after=2026-06-13T00:00:00+00:00
[2026-06-12T11:40:54.851+0000] {processor.py:183} INFO - Processing /opt/airflow/dags/edtech_dag.py took 0.079 seconds
[2026-06-12T11:41:24.947+0000] {processor.py:161} INFO - Started process (PID=542) to work on /opt/airflow/dags/edtech_dag.py
[2026-06-12T11:41:24.948+0000] {processor.py:830} INFO - Processing file /opt/airflow/dags/edtech_dag.py for tasks to queue
[2026-06-12T11:41:24.948+0000] {logging_mixin.py:188} INFO - [2026-06-12T11:41:24.948+0000] {dagbag.py:538} INFO - Filling up the DagBag from /opt/airflow/dags/edtech_dag.py
[2026-06-12T11:41:24.959+0000] {processor.py:840} INFO - DAG(s) 'edtech_analytics' retrieved from /opt/airflow/dags/edtech_dag.py
[2026-06-12T11:41:24.980+0000] {logging_mixin.py:188} INFO - [2026-06-12T11:41:24.980+0000] {dag.py:3033} INFO - Sync 1 DAGs
[2026-06-12T11:41:25.006+0000] {logging_mixin.py:188} INFO - [2026-06-12T11:41:25.005+0000] {dag.py:3820} INFO - Setting next_dagrun for edtech_analytics to 2026-06-12T00:00:00+00:00, run_after=2026-06-13T00:00:00+00:00
[2026-06-12T11:41:25.022+0000] {processor.py:183} INFO - Processing /opt/airflow/dags/edtech_dag.py took 0.079 seconds
[2026-06-12T11:41:55.067+0000] {processor.py:161} INFO - Started process (PID=547) to work on /opt/airflow/dags/edtech_dag.py
[2026-06-12T11:41:55.068+0000] {processor.py:830} INFO - Processing file /opt/airflow/dags/edtech_dag.py for tasks to queue
[2026-06-12T11:41:55.069+0000] {logging_mixin.py:188} INFO - [2026-06-12T11:41:55.068+0000] {dagbag.py:538} INFO - Filling up the DagBag from /opt/airflow/dags/edtech_dag.py
[2026-06-12T11:41:55.079+0000] {processor.py:840} INFO - DAG(s) 'edtech_analytics' retrieved from /opt/airflow/dags/edtech_dag.py
[2026-06-12T11:41:55.100+0000] {logging_mixin.py:188} INFO - [2026-06-12T11:41:55.100+0000] {dag.py:3033} INFO - Sync 1 DAGs
[2026-06-12T11:41:55.125+0000] {logging_mixin.py:188} INFO - [2026-06-12T11:41:55.125+0000] {dag.py:3820} INFO - Setting next_dagrun for edtech_analytics to 2026-06-12T00:00:00+00:00, run_after=2026-06-13T00:00:00+00:00
[2026-06-12T11:41:55.139+0000] {processor.py:183} INFO - Processing /opt/airflow/dags/edtech_dag.py took 0.074 seconds
[2026-06-12T11:42:25.244+0000] {processor.py:161} INFO - Started process (PID=552) to work on /opt/airflow/dags/edtech_dag.py
[2026-06-12T11:42:25.244+0000] {processor.py:830} INFO - Processing file /opt/airflow/dags/edtech_dag.py for tasks to queue
[2026-06-12T11:42:25.245+0000] {logging_mixin.py:188} INFO - [2026-06-12T11:42:25.244+0000] {dagbag.py:538} INFO - Filling up the DagBag from /opt/airflow/dags/edtech_dag.py
[2026-06-12T11:42:25.255+0000] {processor.py:840} INFO - DAG(s) 'edtech_analytics' retrieved from /opt/airflow/dags/edtech_dag.py
[2026-06-12T11:42:25.282+0000] {logging_mixin.py:188} INFO - [2026-06-12T11:42:25.282+0000] {dag.py:3033} INFO - Sync 1 DAGs
[2026-06-12T11:42:25.305+0000] {logging_mixin.py:188} INFO - [2026-06-12T11:42:25.305+0000] {dag.py:3820} INFO - Setting next_dagrun for edtech_analytics to 2026-06-12T00:00:00+00:00, run_after=2026-06-13T00:00:00+00:00
[2026-06-12T11:42:25.323+0000] {processor.py:183} INFO - Processing /opt/airflow/dags/edtech_dag.py took 0.083 seconds
[2026-06-12T11:42:55.361+0000] {processor.py:161} INFO - Started process (PID=557) to work on /opt/airflow/dags/edtech_dag.py
[2026-06-12T11:42:55.362+0000] {processor.py:830} INFO - Processing file /opt/airflow/dags/edtech_dag.py for tasks to queue
[2026-06-12T11:42:55.363+0000] {logging_mixin.py:188} INFO - [2026-06-12T11:42:55.363+0000] {dagbag.py:538} INFO - Filling up the DagBag from /opt/airflow/dags/edtech_dag.py
[2026-06-12T11:42:55.374+0000] {processor.py:840} INFO - DAG(s) 'edtech_analytics' retrieved from /opt/airflow/dags/edtech_dag.py
[2026-06-12T11:42:55.398+0000] {logging_mixin.py:188} INFO - [2026-06-12T11:42:55.398+0000] {dag.py:3033} INFO - Sync 1 DAGs
[2026-06-12T11:42:55.426+0000] {logging_mixin.py:188} INFO - [2026-06-12T11:42:55.426+0000] {dag.py:3820} INFO - Setting next_dagrun for edtech_analytics to 2026-06-12T00:00:00+00:00, run_after=2026-06-13T00:00:00+00:00
[2026-06-12T11:42:55.441+0000] {processor.py:183} INFO - Processing /opt/airflow/dags/edtech_dag.py took 0.083 seconds
[2026-06-12T11:43:25.570+0000] {processor.py:161} INFO - Started process (PID=562) to work on /opt/airflow/dags/edtech_dag.py
[2026-06-12T11:43:25.572+0000] {processor.py:830} INFO - Processing file /opt/airflow/dags/edtech_dag.py for tasks to queue
[2026-06-12T11:43:25.573+0000] {logging_mixin.py:188} INFO - [2026-06-12T11:43:25.573+0000] {dagbag.py:538} INFO - Filling up the DagBag from /opt/airflow/dags/edtech_dag.py
[2026-06-12T11:43:25.597+0000] {processor.py:840} INFO - DAG(s) 'edtech_analytics' retrieved from /opt/airflow/dags/edtech_dag.py
[2026-06-12T11:43:25.628+0000] {logging_mixin.py:188} INFO - [2026-06-12T11:43:25.628+0000] {dag.py:3033} INFO - Sync 1 DAGs
[2026-06-12T11:43:25.661+0000] {logging_mixin.py:188} INFO - [2026-06-12T11:43:25.660+0000] {dag.py:3820} INFO - Setting next_dagrun for edtech_analytics to 2026-06-12T00:00:00+00:00, run_after=2026-06-13T00:00:00+00:00
[2026-06-12T11:43:25.681+0000] {processor.py:183} INFO - Processing /opt/airflow/dags/edtech_dag.py took 0.119 seconds
[2026-06-12T11:43:55.822+0000] {processor.py:161} INFO - Started process (PID=567) to work on /opt/airflow/dags/edtech_dag.py
[2026-06-12T11:43:55.823+0000] {processor.py:830} INFO - Processing file /opt/airflow/dags/edtech_dag.py for tasks to queue
[2026-06-12T11:43:55.824+0000] {logging_mixin.py:188} INFO - [2026-06-12T11:43:55.824+0000] {dagbag.py:538} INFO - Filling up the DagBag from /opt/airflow/dags/edtech_dag.py
[2026-06-12T11:43:55.834+0000] {processor.py:840} INFO - DAG(s) 'edtech_analytics' retrieved from /opt/airflow/dags/edtech_dag.py
[2026-06-12T11:43:55.856+0000] {logging_mixin.py:188} INFO - [2026-06-12T11:43:55.856+0000] {dag.py:3033} INFO - Sync 1 DAGs
[2026-06-12T11:43:55.876+0000] {logging_mixin.py:188} INFO - [2026-06-12T11:43:55.876+0000] {dag.py:3820} INFO - Setting next_dagrun for edtech_analytics to 2026-06-12T00:00:00+00:00, run_after=2026-06-13T00:00:00+00:00
[2026-06-12T11:43:55.890+0000] {processor.py:183} INFO - Processing /opt/airflow/dags/edtech_dag.py took 0.071 seconds
[2026-06-12T11:44:25.933+0000] {processor.py:161} INFO - Started process (PID=572) to work on /opt/airflow/dags/edtech_dag.py
[2026-06-12T11:44:25.934+0000] {processor.py:830} INFO - Processing file /opt/airflow/dags/edtech_dag.py for tasks to queue
[2026-06-12T11:44:25.934+0000] {logging_mixin.py:188} INFO - [2026-06-12T11:44:25.934+0000] {dagbag.py:538} INFO - Filling up the DagBag from /opt/airflow/dags/edtech_dag.py
[2026-06-12T11:44:25.945+0000] {processor.py:840} INFO - DAG(s) 'edtech_analytics' retrieved from /opt/airflow/dags/edtech_dag.py
[2026-06-12T11:44:25.969+0000] {logging_mixin.py:188} INFO - [2026-06-12T11:44:25.969+0000] {dag.py:3033} INFO - Sync 1 DAGs
[2026-06-12T11:44:25.992+0000] {logging_mixin.py:188} INFO - [2026-06-12T11:44:25.992+0000] {dag.py:3820} INFO - Setting next_dagrun for edtech_analytics to 2026-06-12T00:00:00+00:00, run_after=2026-06-13T00:00:00+00:00
[2026-06-12T11:44:26.015+0000] {processor.py:183} INFO - Processing /opt/airflow/dags/edtech_dag.py took 0.085 seconds
[2026-06-12T11:44:56.124+0000] {processor.py:161} INFO - Started process (PID=577) to work on /opt/airflow/dags/edtech_dag.py
[2026-06-12T11:44:56.125+0000] {processor.py:830} INFO - Processing file /opt/airflow/dags/edtech_dag.py for tasks to queue
[2026-06-12T11:44:56.127+0000] {logging_mixin.py:188} INFO - [2026-06-12T11:44:56.127+0000] {dagbag.py:538} INFO - Filling up the DagBag from /opt/airflow/dags/edtech_dag.py
[2026-06-12T11:44:56.148+0000] {processor.py:840} INFO - DAG(s) 'edtech_analytics' retrieved from /opt/airflow/dags/edtech_dag.py
[2026-06-12T11:44:56.188+0000] {logging_mixin.py:188} INFO - [2026-06-12T11:44:56.188+0000] {dag.py:3033} INFO - Sync 1 DAGs
[2026-06-12T11:44:56.217+0000] {logging_mixin.py:188} INFO - [2026-06-12T11:44:56.217+0000] {dag.py:3820} INFO - Setting next_dagrun for edtech_analytics to 2026-06-12T00:00:00+00:00, run_after=2026-06-13T00:00:00+00:00
[2026-06-12T11:44:56.240+0000] {processor.py:183} INFO - Processing /opt/airflow/dags/edtech_dag.py took 0.120 seconds
[2026-06-12T11:45:26.275+0000] {processor.py:161} INFO - Started process (PID=582) to work on /opt/airflow/dags/edtech_dag.py
[2026-06-12T11:45:26.275+0000] {processor.py:830} INFO - Processing file /opt/airflow/dags/edtech_dag.py for tasks to queue
[2026-06-12T11:45:26.276+0000] {logging_mixin.py:188} INFO - [2026-06-12T11:45:26.276+0000] {dagbag.py:538} INFO - Filling up the DagBag from /opt/airflow/dags/edtech_dag.py
[2026-06-12T11:45:26.304+0000] {processor.py:840} INFO - DAG(s) 'edtech_analytics' retrieved from /opt/airflow/dags/edtech_dag.py
[2026-06-12T11:45:26.341+0000] {logging_mixin.py:188} INFO - [2026-06-12T11:45:26.341+0000] {dag.py:3033} INFO - Sync 1 DAGs
[2026-06-12T11:45:26.375+0000] {logging_mixin.py:188} INFO - [2026-06-12T11:45:26.374+0000] {dag.py:3820} INFO - Setting next_dagrun for edtech_analytics to 2026-06-12T00:00:00+00:00, run_after=2026-06-13T00:00:00+00:00
[2026-06-12T11:45:26.392+0000] {processor.py:183} INFO - Processing /opt/airflow/dags/edtech_dag.py took 0.120 seconds
[2026-06-12T11:45:56.562+0000] {processor.py:161} INFO - Started process (PID=587) to work on /opt/airflow/dags/edtech_dag.py
[2026-06-12T11:45:56.564+0000] {processor.py:830} INFO - Processing file /opt/airflow/dags/edtech_dag.py for tasks to queue
[2026-06-12T11:45:56.567+0000] {logging_mixin.py:188} INFO - [2026-06-12T11:45:56.564+0000] {dagbag.py:538} INFO - Filling up the DagBag from /opt/airflow/dags/edtech_dag.py
[2026-06-12T11:45:56.598+0000] {processor.py:840} INFO - DAG(s) 'edtech_analytics' retrieved from /opt/airflow/dags/edtech_dag.py
[2026-06-12T11:45:56.634+0000] {logging_mixin.py:188} INFO - [2026-06-12T11:45:56.634+0000] {dag.py:3033} INFO - Sync 1 DAGs
[2026-06-12T11:45:56.662+0000] {logging_mixin.py:188} INFO - [2026-06-12T11:45:56.662+0000] {dag.py:3820} INFO - Setting next_dagrun for edtech_analytics to 2026-06-12T00:00:00+00:00, run_after=2026-06-13T00:00:00+00:00
[2026-06-12T11:45:56.681+0000] {processor.py:183} INFO - Processing /opt/airflow/dags/edtech_dag.py took 0.128 seconds
[2026-06-12T11:46:26.807+0000] {processor.py:161} INFO - Started process (PID=592) to work on /opt/airflow/dags/edtech_dag.py
[2026-06-12T11:46:26.808+0000] {processor.py:830} INFO - Processing file /opt/airflow/dags/edtech_dag.py for tasks to queue
[2026-06-12T11:46:26.809+0000] {logging_mixin.py:188} INFO - [2026-06-12T11:46:26.809+0000] {dagbag.py:538} INFO - Filling up the DagBag from /opt/airflow/dags/edtech_dag.py
[2026-06-12T11:46:26.823+0000] {processor.py:840} INFO - DAG(s) 'edtech_analytics' retrieved from /opt/airflow/dags/edtech_dag.py
[2026-06-12T11:46:26.855+0000] {logging_mixin.py:188} INFO - [2026-06-12T11:46:26.855+0000] {dag.py:3033} INFO - Sync 1 DAGs
[2026-06-12T11:46:26.887+0000] {logging_mixin.py:188} INFO - [2026-06-12T11:46:26.887+0000] {dag.py:3820} INFO - Setting next_dagrun for edtech_analytics to 2026-06-12T00:00:00+00:00, run_after=2026-06-13T00:00:00+00:00
[2026-06-12T11:46:26.901+0000] {processor.py:183} INFO - Processing /opt/airflow/dags/edtech_dag.py took 0.096 seconds
[2026-06-12T11:46:57.022+0000] {processor.py:161} INFO - Started process (PID=597) to work on /opt/airflow/dags/edtech_dag.py
[2026-06-12T11:46:57.023+0000] {processor.py:830} INFO - Processing file /opt/airflow/dags/edtech_dag.py for tasks to queue
[2026-06-12T11:46:57.023+0000] {logging_mixin.py:188} INFO - [2026-06-12T11:46:57.023+0000] {dagbag.py:538} INFO - Filling up the DagBag from /opt/airflow/dags/edtech_dag.py
[2026-06-12T11:46:57.034+0000] {processor.py:840} INFO - DAG(s) 'edtech_analytics' retrieved from /opt/airflow/dags/edtech_dag.py
[2026-06-12T11:46:57.056+0000] {logging_mixin.py:188} INFO - [2026-06-12T11:46:57.056+0000] {dag.py:3033} INFO - Sync 1 DAGs
[2026-06-12T11:46:57.091+0000] {logging_mixin.py:188} INFO - [2026-06-12T11:46:57.090+0000] {dag.py:3820} INFO - Setting next_dagrun for edtech_analytics to 2026-06-12T00:00:00+00:00, run_after=2026-06-13T00:00:00+00:00
[2026-06-12T11:46:57.112+0000] {processor.py:183} INFO - Processing /opt/airflow/dags/edtech_dag.py took 0.094 seconds
[2026-06-12T11:47:27.232+0000] {processor.py:161} INFO - Started process (PID=602) to work on /opt/airflow/dags/edtech_dag.py
[2026-06-12T11:47:27.233+0000] {processor.py:830} INFO - Processing file /opt/airflow/dags/edtech_dag.py for tasks to queue
[2026-06-12T11:47:27.234+0000] {logging_mixin.py:188} INFO - [2026-06-12T11:47:27.233+0000] {dagbag.py:538} INFO - Filling up the DagBag from /opt/airflow/dags/edtech_dag.py
[2026-06-12T11:47:27.244+0000] {processor.py:840} INFO - DAG(s) 'edtech_analytics' retrieved from /opt/airflow/dags/edtech_dag.py
[2026-06-12T11:47:27.265+0000] {logging_mixin.py:188} INFO - [2026-06-12T11:47:27.265+0000] {dag.py:3033} INFO - Sync 1 DAGs
[2026-06-12T11:47:27.286+0000] {logging_mixin.py:188} INFO - [2026-06-12T11:47:27.286+0000] {dag.py:3820} INFO - Setting next_dagrun for edtech_analytics to 2026-06-12T00:00:00+00:00, run_after=2026-06-13T00:00:00+00:00
[2026-06-12T11:47:27.311+0000] {processor.py:183} INFO - Processing /opt/airflow/dags/edtech_dag.py took 0.082 seconds
[2026-06-12T11:47:57.362+0000] {processor.py:161} INFO - Started process (PID=607) to work on /opt/airflow/dags/edtech_dag.py
[2026-06-12T11:47:57.363+0000] {processor.py:830} INFO - Processing file /opt/airflow/dags/edtech_dag.py for tasks to queue
[2026-06-12T11:47:57.363+0000] {logging_mixin.py:188} INFO - [2026-06-12T11:47:57.363+0000] {dagbag.py:538} INFO - Filling up the DagBag from /opt/airflow/dags/edtech_dag.py
[2026-06-12T11:47:57.374+0000] {processor.py:840} INFO - DAG(s) 'edtech_analytics' retrieved from /opt/airflow/dags/edtech_dag.py
[2026-06-12T11:47:57.396+0000] {logging_mixin.py:188} INFO - [2026-06-12T11:47:57.396+0000] {dag.py:3033} INFO - Sync 1 DAGs
[2026-06-12T11:47:57.510+0000] {logging_mixin.py:188} INFO - [2026-06-12T11:47:57.510+0000] {dag.py:3820} INFO - Setting next_dagrun for edtech_analytics to 2026-06-12T00:00:00+00:00, run_after=2026-06-13T00:00:00+00:00
[2026-06-12T11:47:57.572+0000] {processor.py:183} INFO - Processing /opt/airflow/dags/edtech_dag.py took 0.214 seconds
[2026-06-12T11:48:27.708+0000] {processor.py:161} INFO - Started process (PID=612) to work on /opt/airflow/dags/edtech_dag.py
[2026-06-12T11:48:27.713+0000] {processor.py:830} INFO - Processing file /opt/airflow/dags/edtech_dag.py for tasks to queue
[2026-06-12T11:48:27.717+0000] {logging_mixin.py:188} INFO - [2026-06-12T11:48:27.715+0000] {dagbag.py:538} INFO - Filling up the DagBag from /opt/airflow/dags/edtech_dag.py
[2026-06-12T11:48:27.777+0000] {processor.py:840} INFO - DAG(s) 'edtech_analytics' retrieved from /opt/airflow/dags/edtech_dag.py
[2026-06-12T11:48:27.845+0000] {logging_mixin.py:188} INFO - [2026-06-12T11:48:27.845+0000] {dag.py:3033} INFO - Sync 1 DAGs
[2026-06-12T11:48:27.883+0000] {logging_mixin.py:188} INFO - [2026-06-12T11:48:27.883+0000] {dag.py:3820} INFO - Setting next_dagrun for edtech_analytics to 2026-06-12T00:00:00+00:00, run_after=2026-06-13T00:00:00+00:00
[2026-06-12T11:48:27.902+0000] {processor.py:183} INFO - Processing /opt/airflow/dags/edtech_dag.py took 0.199 seconds
[2026-06-12T11:48:58.054+0000] {processor.py:161} INFO - Started process (PID=617) to work on /opt/airflow/dags/edtech_dag.py
[2026-06-12T11:48:58.054+0000] {processor.py:830} INFO - Processing file /opt/airflow/dags/edtech_dag.py for tasks to queue
[2026-06-12T11:48:58.055+0000] {logging_mixin.py:188} INFO - [2026-06-12T11:48:58.055+0000] {dagbag.py:538} INFO - Filling up the DagBag from /opt/airflow/dags/edtech_dag.py
[2026-06-12T11:48:58.072+0000] {processor.py:840} INFO - DAG(s) 'edtech_analytics' retrieved from /opt/airflow/dags/edtech_dag.py
[2026-06-12T11:48:58.095+0000] {logging_mixin.py:188} INFO - [2026-06-12T11:48:58.095+0000] {dag.py:3033} INFO - Sync 1 DAGs
[2026-06-12T11:48:58.117+0000] {logging_mixin.py:188} INFO - [2026-06-12T11:48:58.117+0000] {dag.py:3820} INFO - Setting next_dagrun for edtech_analytics to 2026-06-12T00:00:00+00:00, run_after=2026-06-13T00:00:00+00:00
[2026-06-12T11:48:58.133+0000] {processor.py:183} INFO - Processing /opt/airflow/dags/edtech_dag.py took 0.086 seconds
[2026-06-12T11:49:28.179+0000] {processor.py:161} INFO - Started process (PID=622) to work on /opt/airflow/dags/edtech_dag.py
[2026-06-12T11:49:28.180+0000] {processor.py:830} INFO - Processing file /opt/airflow/dags/edtech_dag.py for tasks to queue
[2026-06-12T11:49:28.180+0000] {logging_mixin.py:188} INFO - [2026-06-12T11:49:28.180+0000] {dagbag.py:538} INFO - Filling up the DagBag from /opt/airflow/dags/edtech_dag.py
[2026-06-12T11:49:28.197+0000] {processor.py:840} INFO - DAG(s) 'edtech_analytics' retrieved from /opt/airflow/dags/edtech_dag.py
[2026-06-12T11:49:28.252+0000] {logging_mixin.py:188} INFO - [2026-06-12T11:49:28.251+0000] {dag.py:3033} INFO - Sync 1 DAGs
[2026-06-12T11:49:28.273+0000] {logging_mixin.py:188} INFO - [2026-06-12T11:49:28.273+0000] {dag.py:3820} INFO - Setting next_dagrun for edtech_analytics to 2026-06-12T00:00:00+00:00, run_after=2026-06-13T00:00:00+00:00
[2026-06-12T11:49:28.286+0000] {processor.py:183} INFO - Processing /opt/airflow/dags/edtech_dag.py took 0.110 seconds
[2026-06-12T11:49:58.371+0000] {processor.py:161} INFO - Started process (PID=627) to work on /opt/airflow/dags/edtech_dag.py
[2026-06-12T11:49:58.372+0000] {processor.py:830} INFO - Processing file /opt/airflow/dags/edtech_dag.py for tasks to queue
[2026-06-12T11:49:58.372+0000] {logging_mixin.py:188} INFO - [2026-06-12T11:49:58.372+0000] {dagbag.py:538} INFO - Filling up the DagBag from /opt/airflow/dags/edtech_dag.py
[2026-06-12T11:49:58.384+0000] {processor.py:840} INFO - DAG(s) 'edtech_analytics' retrieved from /opt/airflow/dags/edtech_dag.py
[2026-06-12T11:49:58.412+0000] {logging_mixin.py:188} INFO - [2026-06-12T11:49:58.412+0000] {dag.py:3033} INFO - Sync 1 DAGs
[2026-06-12T11:49:58.445+0000] {logging_mixin.py:188} INFO - [2026-06-12T11:49:58.444+0000] {dag.py:3820} INFO - Setting next_dagrun for edtech_analytics to 2026-06-12T00:00:00+00:00, run_after=2026-06-13T00:00:00+00:00
[2026-06-12T11:49:58.472+0000] {processor.py:183} INFO - Processing /opt/airflow/dags/edtech_dag.py took 0.103 seconds
[2026-06-12T11:50:28.526+0000] {processor.py:161} INFO - Started process (PID=632) to work on /opt/airflow/dags/edtech_dag.py
[2026-06-12T11:50:28.526+0000] {processor.py:830} INFO - Processing file /opt/airflow/dags/edtech_dag.py for tasks to queue
[2026-06-12T11:50:28.527+0000] {logging_mixin.py:188} INFO - [2026-06-12T11:50:28.527+0000] {dagbag.py:538} INFO - Filling up the DagBag from /opt/airflow/dags/edtech_dag.py
[2026-06-12T11:50:28.537+0000] {processor.py:840} INFO - DAG(s) 'edtech_analytics' retrieved from /opt/airflow/dags/edtech_dag.py
[2026-06-12T11:50:28.559+0000] {logging_mixin.py:188} INFO - [2026-06-12T11:50:28.559+0000] {dag.py:3033} INFO - Sync 1 DAGs
[2026-06-12T11:50:28.578+0000] {logging_mixin.py:188} INFO - [2026-06-12T11:50:28.577+0000] {dag.py:3820} INFO - Setting next_dagrun for edtech_analytics to 2026-06-12T00:00:00+00:00, run_after=2026-06-13T00:00:00+00:00
[2026-06-12T11:50:28.592+0000] {processor.py:183} INFO - Processing /opt/airflow/dags/edtech_dag.py took 0.070 seconds
[2026-06-12T11:50:58.720+0000] {processor.py:161} INFO - Started process (PID=637) to work on /opt/airflow/dags/edtech_dag.py
[2026-06-12T11:50:58.724+0000] {processor.py:830} INFO - Processing file /opt/airflow/dags/edtech_dag.py for tasks to queue
[2026-06-12T11:50:58.725+0000] {logging_mixin.py:188} INFO - [2026-06-12T11:50:58.724+0000] {dagbag.py:538} INFO - Filling up the DagBag from /opt/airflow/dags/edtech_dag.py
[2026-06-12T11:50:58.736+0000] {processor.py:840} INFO - DAG(s) 'edtech_analytics' retrieved from /opt/airflow/dags/edtech_dag.py
[2026-06-12T11:50:58.757+0000] {logging_mixin.py:188} INFO - [2026-06-12T11:50:58.756+0000] {dag.py:3033} INFO - Sync 1 DAGs
[2026-06-12T11:50:58.775+0000] {logging_mixin.py:188} INFO - [2026-06-12T11:50:58.775+0000] {dag.py:3820} INFO - Setting next_dagrun for edtech_analytics to 2026-06-12T00:00:00+00:00, run_after=2026-06-13T00:00:00+00:00
[2026-06-12T11:50:58.789+0000] {processor.py:183} INFO - Processing /opt/airflow/dags/edtech_dag.py took 0.073 seconds
[2026-06-12T11:51:28.847+0000] {processor.py:161} INFO - Started process (PID=642) to work on /opt/airflow/dags/edtech_dag.py
[2026-06-12T11:51:28.848+0000] {processor.py:830} INFO - Processing file /opt/airflow/dags/edtech_dag.py for tasks to queue
[2026-06-12T11:51:28.848+0000] {logging_mixin.py:188} INFO - [2026-06-12T11:51:28.848+0000] {dagbag.py:538} INFO - Filling up the DagBag from /opt/airflow/dags/edtech_dag.py
[2026-06-12T11:51:28.859+0000] {processor.py:840} INFO - DAG(s) 'edtech_analytics' retrieved from /opt/airflow/dags/edtech_dag.py
[2026-06-12T11:51:28.884+0000] {logging_mixin.py:188} INFO - [2026-06-12T11:51:28.883+0000] {dag.py:3033} INFO - Sync 1 DAGs
[2026-06-12T11:51:28.905+0000] {logging_mixin.py:188} INFO - [2026-06-12T11:51:28.904+0000] {dag.py:3820} INFO - Setting next_dagrun for edtech_analytics to 2026-06-12T00:00:00+00:00, run_after=2026-06-13T00:00:00+00:00
[2026-06-12T11:51:28.924+0000] {processor.py:183} INFO - Processing /opt/airflow/dags/edtech_dag.py took 0.080 seconds
[2026-06-12T11:51:59.017+0000] {processor.py:161} INFO - Started process (PID=647) to work on /opt/airflow/dags/edtech_dag.py
[2026-06-12T11:51:59.018+0000] {processor.py:830} INFO - Processing file /opt/airflow/dags/edtech_dag.py for tasks to queue
[2026-06-12T11:51:59.019+0000] {logging_mixin.py:188} INFO - [2026-06-12T11:51:59.018+0000] {dagbag.py:538} INFO - Filling up the DagBag from /opt/airflow/dags/edtech_dag.py
[2026-06-12T11:51:59.032+0000] {processor.py:840} INFO - DAG(s) 'edtech_analytics' retrieved from /opt/airflow/dags/edtech_dag.py
[2026-06-12T11:51:59.058+0000] {logging_mixin.py:188} INFO - [2026-06-12T11:51:59.057+0000] {dag.py:3033} INFO - Sync 1 DAGs
[2026-06-12T11:51:59.075+0000] {logging_mixin.py:188} INFO - [2026-06-12T11:51:59.075+0000] {dag.py:3820} INFO - Setting next_dagrun for edtech_analytics to 2026-06-12T00:00:00+00:00, run_after=2026-06-13T00:00:00+00:00
[2026-06-12T11:51:59.090+0000] {processor.py:183} INFO - Processing /opt/airflow/dags/edtech_dag.py took 0.077 seconds
[2026-06-12T11:52:29.161+0000] {processor.py:161} INFO - Started process (PID=652) to work on /opt/airflow/dags/edtech_dag.py
[2026-06-12T11:52:29.162+0000] {processor.py:830} INFO - Processing file /opt/airflow/dags/edtech_dag.py for tasks to queue
[2026-06-12T11:52:29.163+0000] {logging_mixin.py:188} INFO - [2026-06-12T11:52:29.163+0000] {dagbag.py:538} INFO - Filling up the DagBag from /opt/airflow/dags/edtech_dag.py
[2026-06-12T11:52:29.176+0000] {processor.py:840} INFO - DAG(s) 'edtech_analytics' retrieved from /opt/airflow/dags/edtech_dag.py
[2026-06-12T11:52:29.200+0000] {logging_mixin.py:188} INFO - [2026-06-12T11:52:29.200+0000] {dag.py:3033} INFO - Sync 1 DAGs
[2026-06-12T11:52:29.224+0000] {logging_mixin.py:188} INFO - [2026-06-12T11:52:29.224+0000] {dag.py:3820} INFO - Setting next_dagrun for edtech_analytics to 2026-06-12T00:00:00+00:00, run_after=2026-06-13T00:00:00+00:00
[2026-06-12T11:52:29.243+0000] {processor.py:183} INFO - Processing /opt/airflow/dags/edtech_dag.py took 0.085 seconds
[2026-06-12T11:52:59.334+0000] {processor.py:161} INFO - Started process (PID=657) to work on /opt/airflow/dags/edtech_dag.py
[2026-06-12T11:52:59.335+0000] {processor.py:830} INFO - Processing file /opt/airflow/dags/edtech_dag.py for tasks to queue
[2026-06-12T11:52:59.336+0000] {logging_mixin.py:188} INFO - [2026-06-12T11:52:59.335+0000] {dagbag.py:538} INFO - Filling up the DagBag from /opt/airflow/dags/edtech_dag.py
[2026-06-12T11:52:59.348+0000] {processor.py:840} INFO - DAG(s) 'edtech_analytics' retrieved from /opt/airflow/dags/edtech_dag.py
[2026-06-12T11:52:59.370+0000] {logging_mixin.py:188} INFO - [2026-06-12T11:52:59.370+0000] {dag.py:3033} INFO - Sync 1 DAGs
[2026-06-12T11:52:59.389+0000] {logging_mixin.py:188} INFO - [2026-06-12T11:52:59.389+0000] {dag.py:3820} INFO - Setting next_dagrun for edtech_analytics to 2026-06-12T00:00:00+00:00, run_after=2026-06-13T00:00:00+00:00
[2026-06-12T11:52:59.406+0000] {processor.py:183} INFO - Processing /opt/airflow/dags/edtech_dag.py took 0.075 seconds
[2026-06-12T11:53:29.469+0000] {processor.py:161} INFO - Started process (PID=662) to work on /opt/airflow/dags/edtech_dag.py
[2026-06-12T11:53:29.469+0000] {processor.py:830} INFO - Processing file /opt/airflow/dags/edtech_dag.py for tasks to queue
[2026-06-12T11:53:29.470+0000] {logging_mixin.py:188} INFO - [2026-06-12T11:53:29.470+0000] {dagbag.py:538} INFO - Filling up the DagBag from /opt/airflow/dags/edtech_dag.py
[2026-06-12T11:53:29.480+0000] {processor.py:840} INFO - DAG(s) 'edtech_analytics' retrieved from /opt/airflow/dags/edtech_dag.py
[2026-06-12T11:53:29.502+0000] {logging_mixin.py:188} INFO - [2026-06-12T11:53:29.502+0000] {dag.py:3033} INFO - Sync 1 DAGs
[2026-06-12T11:53:29.537+0000] {logging_mixin.py:188} INFO - [2026-06-12T11:53:29.537+0000] {dag.py:3820} INFO - Setting next_dagrun for edtech_analytics to 2026-06-12T00:00:00+00:00, run_after=2026-06-13T00:00:00+00:00
[2026-06-12T11:53:29.563+0000] {processor.py:183} INFO - Processing /opt/airflow/dags/edtech_dag.py took 0.098 seconds
[2026-06-12T11:53:59.632+0000] {processor.py:161} INFO - Started process (PID=667) to work on /opt/airflow/dags/edtech_dag.py
[2026-06-12T11:53:59.633+0000] {processor.py:830} INFO - Processing file /opt/airflow/dags/edtech_dag.py for tasks to queue
[2026-06-12T11:53:59.634+0000] {logging_mixin.py:188} INFO - [2026-06-12T11:53:59.633+0000] {dagbag.py:538} INFO - Filling up the DagBag from /opt/airflow/dags/edtech_dag.py
[2026-06-12T11:53:59.644+0000] {processor.py:840} INFO - DAG(s) 'edtech_analytics' retrieved from /opt/airflow/dags/edtech_dag.py
[2026-06-12T11:53:59.665+0000] {logging_mixin.py:188} INFO - [2026-06-12T11:53:59.665+0000] {dag.py:3033} INFO - Sync 1 DAGs
[2026-06-12T11:53:59.686+0000] {logging_mixin.py:188} INFO - [2026-06-12T11:53:59.685+0000] {dag.py:3820} INFO - Setting next_dagrun for edtech_analytics to 2026-06-12T00:00:00+00:00, run_after=2026-06-13T00:00:00+00:00
[2026-06-12T11:53:59.700+0000] {processor.py:183} INFO - Processing /opt/airflow/dags/edtech_dag.py took 0.070 seconds
[2026-06-12T11:54:29.804+0000] {processor.py:161} INFO - Started process (PID=672) to work on /opt/airflow/dags/edtech_dag.py
[2026-06-12T11:54:29.805+0000] {processor.py:830} INFO - Processing file /opt/airflow/dags/edtech_dag.py for tasks to queue
[2026-06-12T11:54:29.806+0000] {logging_mixin.py:188} INFO - [2026-06-12T11:54:29.806+0000] {dagbag.py:538} INFO - Filling up the DagBag from /opt/airflow/dags/edtech_dag.py
[2026-06-12T11:54:29.821+0000] {processor.py:840} INFO - DAG(s) 'edtech_analytics' retrieved from /opt/airflow/dags/edtech_dag.py
[2026-06-12T11:54:29.844+0000] {logging_mixin.py:188} INFO - [2026-06-12T11:54:29.843+0000] {dag.py:3033} INFO - Sync 1 DAGs
[2026-06-12T11:54:29.867+0000] {logging_mixin.py:188} INFO - [2026-06-12T11:54:29.866+0000] {dag.py:3820} INFO - Setting next_dagrun for edtech_analytics to 2026-06-12T00:00:00+00:00, run_after=2026-06-13T00:00:00+00:00
[2026-06-12T11:54:29.884+0000] {processor.py:183} INFO - Processing /opt/airflow/dags/edtech_dag.py took 0.084 seconds
[2026-06-12T11:54:59.931+0000] {processor.py:161} INFO - Started process (PID=677) to work on /opt/airflow/dags/edtech_dag.py
[2026-06-12T11:54:59.931+0000] {processor.py:830} INFO - Processing file /opt/airflow/dags/edtech_dag.py for tasks to queue
[2026-06-12T11:54:59.932+0000] {logging_mixin.py:188} INFO - [2026-06-12T11:54:59.932+0000] {dagbag.py:538} INFO - Filling up the DagBag from /opt/airflow/dags/edtech_dag.py
[2026-06-12T11:54:59.942+0000] {processor.py:840} INFO - DAG(s) 'edtech_analytics' retrieved from /opt/airflow/dags/edtech_dag.py
[2026-06-12T11:54:59.965+0000] {logging_mixin.py:188} INFO - [2026-06-12T11:54:59.965+0000] {dag.py:3033} INFO - Sync 1 DAGs
[2026-06-12T11:54:59.983+0000] {logging_mixin.py:188} INFO - [2026-06-12T11:54:59.983+0000] {dag.py:3820} INFO - Setting next_dagrun for edtech_analytics to 2026-06-12T00:00:00+00:00, run_after=2026-06-13T00:00:00+00:00
[2026-06-12T11:54:59.997+0000] {processor.py:183} INFO - Processing /opt/airflow/dags/edtech_dag.py took 0.070 seconds
[2026-06-12T11:55:30.113+0000] {processor.py:161} INFO - Started process (PID=682) to work on /opt/airflow/dags/edtech_dag.py
[2026-06-12T11:55:30.114+0000] {processor.py:830} INFO - Processing file /opt/airflow/dags/edtech_dag.py for tasks to queue
[2026-06-12T11:55:30.115+0000] {logging_mixin.py:188} INFO - [2026-06-12T11:55:30.114+0000] {dagbag.py:538} INFO - Filling up the DagBag from /opt/airflow/dags/edtech_dag.py
[2026-06-12T11:55:30.126+0000] {processor.py:840} INFO - DAG(s) 'edtech_analytics' retrieved from /opt/airflow/dags/edtech_dag.py
[2026-06-12T11:55:30.157+0000] {logging_mixin.py:188} INFO - [2026-06-12T11:55:30.157+0000] {dag.py:3033} INFO - Sync 1 DAGs
[2026-06-12T11:55:30.181+0000] {logging_mixin.py:188} INFO - [2026-06-12T11:55:30.181+0000] {dag.py:3820} INFO - Setting next_dagrun for edtech_analytics to 2026-06-12T00:00:00+00:00, run_after=2026-06-13T00:00:00+00:00
[2026-06-12T11:55:30.194+0000] {processor.py:183} INFO - Processing /opt/airflow/dags/edtech_dag.py took 0.087 seconds
[2026-06-12T11:56:00.245+0000] {processor.py:161} INFO - Started process (PID=687) to work on /opt/airflow/dags/edtech_dag.py
[2026-06-12T11:56:00.245+0000] {processor.py:830} INFO - Processing file /opt/airflow/dags/edtech_dag.py for tasks to queue
[2026-06-12T11:56:00.246+0000] {logging_mixin.py:188} INFO - [2026-06-12T11:56:00.245+0000] {dagbag.py:538} INFO - Filling up the DagBag from /opt/airflow/dags/edtech_dag.py
[2026-06-12T11:56:00.256+0000] {processor.py:840} INFO - DAG(s) 'edtech_analytics' retrieved from /opt/airflow/dags/edtech_dag.py
[2026-06-12T11:56:00.278+0000] {logging_mixin.py:188} INFO - [2026-06-12T11:56:00.278+0000] {dag.py:3033} INFO - Sync 1 DAGs
[2026-06-12T11:56:00.297+0000] {logging_mixin.py:188} INFO - [2026-06-12T11:56:00.297+0000] {dag.py:3820} INFO - Setting next_dagrun for edtech_analytics to 2026-06-12T00:00:00+00:00, run_after=2026-06-13T00:00:00+00:00
[2026-06-12T11:56:00.315+0000] {processor.py:183} INFO - Processing /opt/airflow/dags/edtech_dag.py took 0.073 seconds
[2026-06-12T11:56:30.423+0000] {processor.py:161} INFO - Started process (PID=692) to work on /opt/airflow/dags/edtech_dag.py
[2026-06-12T11:56:30.424+0000] {processor.py:830} INFO - Processing file /opt/airflow/dags/edtech_dag.py for tasks to queue
[2026-06-12T11:56:30.425+0000] {logging_mixin.py:188} INFO - [2026-06-12T11:56:30.424+0000] {dagbag.py:538} INFO - Filling up the DagBag from /opt/airflow/dags/edtech_dag.py
[2026-06-12T11:56:30.435+0000] {processor.py:840} INFO - DAG(s) 'edtech_analytics' retrieved from /opt/airflow/dags/edtech_dag.py
[2026-06-12T11:56:30.457+0000] {logging_mixin.py:188} INFO - [2026-06-12T11:56:30.457+0000] {dag.py:3033} INFO - Sync 1 DAGs
[2026-06-12T11:56:30.475+0000] {logging_mixin.py:188} INFO - [2026-06-12T11:56:30.474+0000] {dag.py:3820} INFO - Setting next_dagrun for edtech_analytics to 2026-06-12T00:00:00+00:00, run_after=2026-06-13T00:00:00+00:00
[2026-06-12T11:56:30.488+0000] {processor.py:183} INFO - Processing /opt/airflow/dags/edtech_dag.py took 0.070 seconds
[2026-06-12T11:57:00.560+0000] {processor.py:161} INFO - Started process (PID=697) to work on /opt/airflow/dags/edtech_dag.py
[2026-06-12T11:57:00.560+0000] {processor.py:830} INFO - Processing file /opt/airflow/dags/edtech_dag.py for tasks to queue
[2026-06-12T11:57:00.561+0000] {logging_mixin.py:188} INFO - [2026-06-12T11:57:00.561+0000] {dagbag.py:538} INFO - Filling up the DagBag from /opt/airflow/dags/edtech_dag.py
[2026-06-12T11:57:00.571+0000] {processor.py:840} INFO - DAG(s) 'edtech_analytics' retrieved from /opt/airflow/dags/edtech_dag.py
[2026-06-12T11:57:00.594+0000] {logging_mixin.py:188} INFO - [2026-06-12T11:57:00.594+0000] {dag.py:3033} INFO - Sync 1 DAGs
[2026-06-12T11:57:00.615+0000] {logging_mixin.py:188} INFO - [2026-06-12T11:57:00.615+0000] {dag.py:3820} INFO - Setting next_dagrun for edtech_analytics to 2026-06-12T00:00:00+00:00, run_after=2026-06-13T00:00:00+00:00
[2026-06-12T11:57:00.635+0000] {processor.py:183} INFO - Processing /opt/airflow/dags/edtech_dag.py took 0.078 seconds
[2026-06-12T11:57:30.727+0000] {processor.py:161} INFO - Started process (PID=702) to work on /opt/airflow/dags/edtech_dag.py
[2026-06-12T11:57:30.727+0000] {processor.py:830} INFO - Processing file /opt/airflow/dags/edtech_dag.py for tasks to queue
[2026-06-12T11:57:30.728+0000] {logging_mixin.py:188} INFO - [2026-06-12T11:57:30.728+0000] {dagbag.py:538} INFO - Filling up the DagBag from /opt/airflow/dags/edtech_dag.py
[2026-06-12T11:57:30.740+0000] {processor.py:840} INFO - DAG(s) 'edtech_analytics' retrieved from /opt/airflow/dags/edtech_dag.py
[2026-06-12T11:57:30.762+0000] {logging_mixin.py:188} INFO - [2026-06-12T11:57:30.762+0000] {dag.py:3033} INFO - Sync 1 DAGs
[2026-06-12T11:57:30.780+0000] {logging_mixin.py:188} INFO - [2026-06-12T11:57:30.780+0000] {dag.py:3820} INFO - Setting next_dagrun for edtech_analytics to 2026-06-12T00:00:00+00:00, run_after=2026-06-13T00:00:00+00:00
[2026-06-12T11:57:30.794+0000] {processor.py:183} INFO - Processing /opt/airflow/dags/edtech_dag.py took 0.070 seconds
[2026-06-12T11:58:00.860+0000] {processor.py:161} INFO - Started process (PID=707) to work on /opt/airflow/dags/edtech_dag.py
[2026-06-12T11:58:00.861+0000] {processor.py:830} INFO - Processing file /opt/airflow/dags/edtech_dag.py for tasks to queue
[2026-06-12T11:58:00.861+0000] {logging_mixin.py:188} INFO - [2026-06-12T11:58:00.861+0000] {dagbag.py:538} INFO - Filling up the DagBag from /opt/airflow/dags/edtech_dag.py
[2026-06-12T11:58:00.872+0000] {processor.py:840} INFO - DAG(s) 'edtech_analytics' retrieved from /opt/airflow/dags/edtech_dag.py
[2026-06-12T11:58:00.893+0000] {logging_mixin.py:188} INFO - [2026-06-12T11:58:00.893+0000] {dag.py:3033} INFO - Sync 1 DAGs
[2026-06-12T11:58:00.917+0000] {logging_mixin.py:188} INFO - [2026-06-12T11:58:00.917+0000] {dag.py:3820} INFO - Setting next_dagrun for edtech_analytics to 2026-06-12T00:00:00+00:00, run_after=2026-06-13T00:00:00+00:00
[2026-06-12T11:58:00.932+0000] {processor.py:183} INFO - Processing /opt/airflow/dags/edtech_dag.py took 0.074 seconds
[2026-06-12T11:58:31.028+0000] {processor.py:161} INFO - Started process (PID=712) to work on /opt/airflow/dags/edtech_dag.py
[2026-06-12T11:58:31.028+0000] {processor.py:830} INFO - Processing file /opt/airflow/dags/edtech_dag.py for tasks to queue
[2026-06-12T11:58:31.029+0000] {logging_mixin.py:188} INFO - [2026-06-12T11:58:31.029+0000] {dagbag.py:538} INFO - Filling up the DagBag from /opt/airflow/dags/edtech_dag.py
[2026-06-12T11:58:31.039+0000] {processor.py:840} INFO - DAG(s) 'edtech_analytics' retrieved from /opt/airflow/dags/edtech_dag.py
[2026-06-12T11:58:31.060+0000] {logging_mixin.py:188} INFO - [2026-06-12T11:58:31.060+0000] {dag.py:3033} INFO - Sync 1 DAGs
[2026-06-12T11:58:31.079+0000] {logging_mixin.py:188} INFO - [2026-06-12T11:58:31.079+0000] {dag.py:3820} INFO - Setting next_dagrun for edtech_analytics to 2026-06-12T00:00:00+00:00, run_after=2026-06-13T00:00:00+00:00
[2026-06-12T11:58:31.093+0000] {processor.py:183} INFO - Processing /opt/airflow/dags/edtech_dag.py took 0.068 seconds
[2026-06-12T11:59:01.145+0000] {processor.py:161} INFO - Started process (PID=717) to work on /opt/airflow/dags/edtech_dag.py
[2026-06-12T11:59:01.146+0000] {processor.py:830} INFO - Processing file /opt/airflow/dags/edtech_dag.py for tasks to queue
[2026-06-12T11:59:01.147+0000] {logging_mixin.py:188} INFO - [2026-06-12T11:59:01.147+0000] {dagbag.py:538} INFO - Filling up the DagBag from /opt/airflow/dags/edtech_dag.py
[2026-06-12T11:59:01.162+0000] {processor.py:840} INFO - DAG(s) 'edtech_analytics' retrieved from /opt/airflow/dags/edtech_dag.py
[2026-06-12T11:59:01.215+0000] {logging_mixin.py:188} INFO - [2026-06-12T11:59:01.215+0000] {dag.py:3033} INFO - Sync 1 DAGs
[2026-06-12T11:59:01.245+0000] {logging_mixin.py:188} INFO - [2026-06-12T11:59:01.245+0000] {dag.py:3820} INFO - Setting next_dagrun for edtech_analytics to 2026-06-12T00:00:00+00:00, run_after=2026-06-13T00:00:00+00:00
[2026-06-12T11:59:01.268+0000] {processor.py:183} INFO - Processing /opt/airflow/dags/edtech_dag.py took 0.126 seconds
[2026-06-12T11:59:31.323+0000] {processor.py:161} INFO - Started process (PID=722) to work on /opt/airflow/dags/edtech_dag.py
[2026-06-12T11:59:31.323+0000] {processor.py:830} INFO - Processing file /opt/airflow/dags/edtech_dag.py for tasks to queue
[2026-06-12T11:59:31.324+0000] {logging_mixin.py:188} INFO - [2026-06-12T11:59:31.324+0000] {dagbag.py:538} INFO - Filling up the DagBag from /opt/airflow/dags/edtech_dag.py
[2026-06-12T11:59:31.335+0000] {processor.py:840} INFO - DAG(s) 'edtech_analytics' retrieved from /opt/airflow/dags/edtech_dag.py
[2026-06-12T11:59:31.357+0000] {logging_mixin.py:188} INFO - [2026-06-12T11:59:31.357+0000] {dag.py:3033} INFO - Sync 1 DAGs
[2026-06-12T11:59:31.377+0000] {logging_mixin.py:188} INFO - [2026-06-12T11:59:31.377+0000] {dag.py:3820} INFO - Setting next_dagrun for edtech_analytics to 2026-06-12T00:00:00+00:00, run_after=2026-06-13T00:00:00+00:00
[2026-06-12T11:59:31.390+0000] {processor.py:183} INFO - Processing /opt/airflow/dags/edtech_dag.py took 0.070 seconds
[2026-06-12T12:00:01.494+0000] {processor.py:161} INFO - Started process (PID=727) to work on /opt/airflow/dags/edtech_dag.py
[2026-06-12T12:00:01.495+0000] {processor.py:830} INFO - Processing file /opt/airflow/dags/edtech_dag.py for tasks to queue
[2026-06-12T12:00:01.496+0000] {logging_mixin.py:188} INFO - [2026-06-12T12:00:01.496+0000] {dagbag.py:538} INFO - Filling up the DagBag from /opt/airflow/dags/edtech_dag.py
[2026-06-12T12:00:01.506+0000] {processor.py:840} INFO - DAG(s) 'edtech_analytics' retrieved from /opt/airflow/dags/edtech_dag.py
[2026-06-12T12:00:01.531+0000] {logging_mixin.py:188} INFO - [2026-06-12T12:00:01.531+0000] {dag.py:3033} INFO - Sync 1 DAGs
[2026-06-12T12:00:01.552+0000] {logging_mixin.py:188} INFO - [2026-06-12T12:00:01.552+0000] {dag.py:3820} INFO - Setting next_dagrun for edtech_analytics to 2026-06-12T00:00:00+00:00, run_after=2026-06-13T00:00:00+00:00
[2026-06-12T12:00:01.567+0000] {processor.py:183} INFO - Processing /opt/airflow/dags/edtech_dag.py took 0.076 seconds
